-- phpMyAdmin SQL Dump
-- version 4.2.12deb2+deb8u1
-- http://www.phpmyadmin.net
--
-- Host: localhost
-- Generation Time: Apr 23, 2017 alle 13:42
-- Versione del server: 5.5.47-0+deb8u1
-- PHP Version: 5.6.29-0+deb8u1

SET SQL_MODE = "NO_AUTO_VALUE_ON_ZERO";
SET time_zone = "+00:00";


/*!40101 SET @OLD_CHARACTER_SET_CLIENT=@@CHARACTER_SET_CLIENT */;
/*!40101 SET @OLD_CHARACTER_SET_RESULTS=@@CHARACTER_SET_RESULTS */;
/*!40101 SET @OLD_COLLATION_CONNECTION=@@COLLATION_CONNECTION */;
/*!40101 SET NAMES utf8 */;

--
-- Database: `S3928125`
--

-- --------------------------------------------------------

--
-- Struttura della tabella `Chiavi`
--

CREATE TABLE IF NOT EXISTS `Chiavi` (
`id_key` int(11) NOT NULL,
  `password` longtext NOT NULL,
  `publicKey` longtext NOT NULL,
  `privateKey` longtext NOT NULL,
  `gcmRegistration` longtext
) ENGINE=InnoDB AUTO_INCREMENT=89 DEFAULT CHARSET=latin1;

--
-- Dump dei dati per la tabella `Chiavi`
--

INSERT INTO `Chiavi` (`id_key`, `password`, `publicKey`, `privateKey`, `gcmRegistration`) VALUES
(81, 'bd58d9594c0bd9a604fbe8a12b4a8e17', 'bXIFgy2ju8SzpkSh4XH8mTMFuNtJhWU5raj5iVriXxJpXCmSD3w67yH1kHsBT+QphCU854Yluk1lC2/yubPD/OtH0SnERF588wJxK3tuADKPmo/yhyW0/J3Xfi3dpi6cScMgUG7micM2/6uZ9tyAYiZUUAC/RdhqFhWR2+nZ71es/aHnD/K3djagXj27sX+kJnCO/gpf04txY6MRUQgoP67Jax1VDDZQvSJTcHJ+5XV39DzTt1+2XtPjYwxUG+VXMtIs5J+iGOYnpzTFUHx6TyyTwEa/Q/t/hPhNyZui6Eg1eC5/xJYcl8Zb30bp6d00mrIZqERYGgGhfAk4V5iHtckyIRcHFjU34tfsndVRZ3BaRHEOcIYeU34g4wfcrKrA9rqleAfTAAA7W/AZFHTreV5oPu0gRN+muurxy0mRtTnRN/pnAfXco/LKPHdt9EiVE7I+Tqh9XqVVo3XJy4vMdyK4Brl081SUTIg5W+RO6ALDtMjexdx8oJKy3Y/+zufMPwdDepPbG3wuv/tDQJR3r8bVSYPyiLxnAwBDQmJOvhd0+RK3i1909alVBidNzmx1KuWOoTRO9iA9AYvoGgPbOahDRr6c83ACwuoiSu3gkhw+rkcEGNvu6oSe8gZUxcVBFDHXxnsz3297NHnjSzXGTDe51g08KwD6D7UR7Arpudvj9UUa0MXlrA3lXAs/5jh5FjEBi2YDHdaibSZJvq8aUzoo0jYze3sqOWUhdEafusbwd+tWh9oQ/6M9c3VUnVNVxCOqG6iR18/y2Uw2gXq4CgBOLIfROxh1VXhKdyq0VAH3lLP0v5cZ9pD/UZAwoYEqHGMhd8k/iPbLZXeZVkC+1Mg0J9sDA78OuXBB10fKmq6dmi6mVBLPIHFhN9sorvhm5WRLBadMnSm1RbnKqM0IkWglyyHNo3UuVArtbdYkjOyMazK+LXUyfpH1lDN9KIKbwPB2BRkG3VbWpgdXFZPy06VFGn3FcCz6eG8vyiHpzIBu7u1QTDtGhIWC4DBKo5Pi', 'NnEoSz/nszzNqF49zJabSkqIDXk5jt1jPoJsGzSLf1A1f4fmv0GVKy4oBSmO9E1rSiycXd/iTXogdw0cDMnizzZDoacm6RietVhAZjA0TFAou3whjxDzFd30MDitnI9R+zc14uSOBzgqJIWWEi6SvRxIw255Lpe27VA+64slBZMobtYesAv8DKvgDVpne7uYzvYC228KZr+ePV582CGdSeKwp/iuDnb+oQNrsWCcsdaXfLiZYPvf1OKPmFx2zvT0lqjSzqAt4n20jMVf78C3vo8ldJKq05ESUurdkm6RGE7Rp/IJMqVzoKq1DGR3LZ/QXWmIseLs0HL9sb15Q9uEq0gSbInDfZTew24Bceok3MeCSNDTpO+rOqQ1ziS38kPUNXzE0lLLKnl+eFKZf9SgiPND9FFhE+zGUErENXlO7NDDSP6WC7P6xRPTP60rHZtPq4JGNDd9InACvQ4N4di7eD3eO3vEGRc+SvgvHvMaofgTzJp3ic4dMr3zRYcoY5ma68rhpHzbg3NzYGTldBUxz23DHlLlw93Dk17htmPNfVq3hiAlRY8x+oJEXXUS+Sn4swcvTp9241jmuR2JFuQ9lphNMNXTmWfv1say75Uu03a7UqRXxIRNanwlk5AfIGInCq1ekSUqLN4Gz8bhv4eYPzE34aboNnzCpNnACzSEAVynrapVyIK3OydGlEnJ8QkoVb9dZo3ZRQxjomcxadRcwzTf9PRQyhDm88/Vv8wLys/6BMYkf/xq7fqjAtO5LJbMAL7vI3X8btzhaB7WI6BsAk1lrXkf/pBRALPIJj6Vb/SDl3TXsGXXAsumac7yKhcjl+3/gUaQGLAEJxGuGsv2g+vrEykapvd2Ze6gZKTOST4cix55S4KwbgxevOD7z2yyH1kKwN6lxRW99g8gS8NigR1KoyQ7ov8On3YcDV8XfUfk+R14dGsDt1/N6uCXVdAqgV7HqjjKkMVPHIO1GGwfkdP6YGspEQ73a+x+rkM4aPWrs1NyxYMCx2Yr1DBsTOtmUsim4pPUsp0NW+tZ985RWPUSQOaIH7dEivjD+Ig8Cx1gPe7Df+wyn3tEae4jWphr2fV3DbHUHXkJBBRoE4yQ0goOxs8ldHHlIzC+5MPuScFSZt8rPT2n7wKbjBxJg8ZZsiIfa31aC0om3qcElASr2Xj3W3TGCVLY0V8byDoM3gSaNuRXt/v2PpJSG4P12eNoIfzcYHp8ha/L/6ikQxw5jzW24wVFoJNRl65aN27kw2DUP5/W45sw/lnj52Qe3cviVTiPohpojRRJ6Dmkx3CuoeG0MQkemlBY3r6JiYl41OUY6GqRO9/O8F62KEg0Oq6+wL1rvYFm3uZxLC4OTrsNBtx4eeIjXuBegvZDFkhcENzYfsJtIRPmITCtwphal6V/Umd6ohohoPobSeZnLkG89AgTIm6oTzm43euMER6tKjXSyj34ld2xqnuZpWDsqtlW/7wCccUSJg3fxvNdQZEW2rdQRUHmFx61lC/Lincbf3pHDlg928TuLxhsiwmRJRKS+BPS01++TM0rp+iqQOA5miJu8iA+zyAbk2VNsvHAl183OW9qrmLvggq5OEbO+FZSRmZyjLgXMtE1F38UZCG6LfCYejd9kxeLq2Wz6Xq/yFWudwqD3i+YnnrqmCvVh4D7LAu2O58c+zprXqFnm8EGGl5n566jmTYTuPwXaoi4QlPpnMYz6rC3YMVtMLm62HAyJmauVTkjjyl6Hi9eowlvi8mOgdXNs/U+mAevC8+oQXCNv8UJFk6o6cWdPggwucbiw/RzpAZ0iqKl5nBYHMwteiA7BoJuw7McdR0V/bx7qJaNf+UAsQLmoi5Za4S+uSSO84CVzVHQBE4n7ptLqXQg+llUAdtdwrLAvJ2viszRyx9JX7k6Wu/2njhywdC5jFrdvGMKpnavu+EHYRSl3O96rE9Yu7ukua6RbVcrvg+EjV00rjXkTMnula6c7QAJbc/I1LQXvGyBkfX+gjyVoMVWMP+G9zd/ZSsUkTxYHa77qpDuyYMEC+7+IDKmaZOlnxsWdIKRybdDLvXtk0RS2Y7YYn9IWjr6CFSfKVEnyYljPFGBdjjZtweeZ9s83wZDJack9M9crbYKFkkYsWpuns4WIRfc0isel+9kNc5mgEP60kjEFbGYdnHrHt1DeChqE4x60F0KRW5H/jYJCUt5TvzTHQjOEtp35786qzmGhpsrD+o2XQej8aZ0aIAtXUdxpg9Mcg9U+d1l7gf4HGDQngOjZ02I7N9F/CJa+Rce/am6O0bvc20U1pCRtUYXWhBzz2Y6cHXXpYjZrOz0Pz+9kUxMO7U7jIQdp431C4GENowm5+UFWWKhoev3NYN8A7E74yTtGLXpWBDCfRFiJApJT2NgNagYWrXJSih+beB6Cv6HcUdhOqMY9vMbgo4THIDCLWRhb3I2E6GER9DSrf664Vfzi8jkOG9zK/eEunpYL5kb/5WNiutO3vdzP3CRBA30aKAj6eQR43ZnTFYup88oNOr7mcnP0Al9nnQXQJ8g+kmgLwpUU4QQKdOs761yLQDiktsnEaRRY+IqPvmhau63V9y+CqEyJ2aVfLSc6LOt+hhIK63IDpC8aywetyPQl8eFmGLp8IEOGlQ+BGI3l9/6lhavXNZIfdW++zICbfn2BmsRwiGUEMq2H/CyEJGYLjvLuoCWENdFUdAXATvfLKGIJY50qta1DPVmSvsF6Hrs5eX8QvDwee5+M13zUWLpYK7X0YDvh/BG+mEKv3hRvEspVO9dARvQV4FSysx3Ro9lLo9stz02CB/VuYhPy1spX69Z71MdKWlLHTuNuPVltdR9p6coim+zkhbYEW+INoKTeY4bjLXZEOZiwLGzHEeN2IL6fZmKAzfalBbQsoEg8G8dNDWCgVN1sp4NU2r/OuyqIBFLroQ1LBS95KA5PqmDKYu/FzJBnnfRvlUoZqp+RP3vohyTlU8noMv0GW1SSFERVFgvsmKtEvVl2RfTwOMYBWcvGddBlINKpq4+fBFeM5xFKw8I3Xxn8fggSrnPBtfYmG464c6VeFn7VULXJ7u4tfUzLlyErrhfxautGflLFGVmIrmmHz5F2ieReW0iUxiyXP+0Va+OF5EjI00sdE/JRnndL/1xkoe6hOG+r9ZXrMFym6oxnvu0vTc8a/SEG1WJuKOIqqcEiCCiOkThZvXhGnARmsT5gQCJl+qZyCwJYmakJed0oonzjJmPuWGDR0KjkE8iOsGgD43gNAGJVyk8+cRLhi0lQPwvihkc4wVfqaMCD7XYi0P1B5NGygH8HMVnCacKtkRnNUzLDDa6Hc2wXeSkY93jmKo2JNcj2FIyz7Oqmxw5VWrUJY8QYVjO5Hcahh4ZMZqKRvodXnYJGpUnkJ3/xL6q/mevWE1Ku5KldGMJHVciAeWnjoWe8SoP26nY/4b0dM1GTYngOu70+gz7tokOpfKrO0hXNRNvGDeSe9ToyYqw/E4rPCJgubH0YVju5uYBSDpuUh1ekHj6P+TfTROhmmirChMCPjPBvGqd/AE4EqbAPh1F62RyGvMExC8bHtoL8SAOjJqAd8hxKEM640uG5jwv7bBWDlVJNyG/UU5CylR8NOjPXiN6fIIN8bmw5a/vZW6O7c2c9y49OLpt0+5hzMsgoUdt+s2qnye2MPQ617rgUK07tPzG+xd/7G/k2BseQ0ws6VmVacparo9EOVpZIcQLeyX2s9hVaB2r3sJpgsqI0LdUug5gtDaXw1RzEZTW69dTzKk+PaZ6vBLHCeINKYLPjZzoxyM3LIoxn7wEgG9fH51XbYq4lcQHtNOa1/ib8pfinY6z3NDcC1n+libx8ahrLQ2e7voq+uSl1XfoddhNOmTjflboxdunucNR+KUr0ns8RbWlokP2ots/hxWPjkHTJdcDO2oZM7i052/ufDyOFtnoypO3ynWBsEpZiJj/Wf7vhYyrdFzkisDNE7jdL2li5bSpG3FpzSZxSxq4340h7c7zcneW5yuFaWq/xMEjRE41cCKnk7W9GiIb/W83mMNrtm/VgYlOWbmQR16VcC0B1EZjEvNyPRw5YiUU0p56BszJJ2Ly/dqTVs34XtrxPg9vkgEpI0wb0jRGNDWXdUZGrDT0Uf1gftl8WA+FhohB4bwy2xNRZBXELOox+QSlFA8+OaOUjVaJyvv4EFC2EIxrYQHSlbE2ZO3w5Nq47hituMIrysugMfuRykTY3QUPM/Z/HoaVzGPR71Dw7jeYi5Ak8/eMOngrMzcM+6DRgSZRAOki4n2O00TS/SM499xv6boeEz2vluVHqn6V5ImE9uOmCA==', '+sQ/OP10cguZ4ysPn4uiu0WBSrjXCCn4oSrc20VtbRDLHziQ07+BP+f7GrtcBAOchoc4R/N+spgOqZAf8ifZxj7NCsuMilsFpNX6RrGZhf0aKxlrTneR7NS27lyP+/xNYUMqqTe6nCQ8bpx4HAnK2tIGp7myzy4dCWyvmUIryP4BBeknMMlMqA9sKoDWKw5t3Vf5qvWk9g4wA0QZoSLDAw=='),
(82, '9cfc7ae40334c50d6bbaed0bbc533d74', 'bXIFgy2ju8SzpkSh4XH8mTMFuNtJhWU5raj5iVriXxIlRtyg/Sjs+z/uJsbfaShH9DRYavS5ZQZ+bHs10ixoWl9qhHUXGgCbSjNkw5zms8/tp6vpynRbB2UZ6nYDRg0sB3m3mtYgIRXdHl4b5qWSdcy6F1uxjXiqwLdkb7kTj1L7txetdmOuzfGyFrV8KJwt8gFh3xjOJY8Y4Ech5g+RMoWcvNcZ2GX1axw3UH4du8ulP3Wjn3A7SbX2A9b05VBq4RcnPgxcTV/EYZXPjePbUj0c8oJKw1F6683nQxSjz7WZ+WeS4wEbJHzh/Y/MyCTTl4s/B7hXxcgjC1hZqh1KptilYFfNNbI5GPZSk9vCWU4rAxmMKWqOGMjjYILLEyo/Nc9XchiPsldLFxYdsO8EYjYr3UZzYo3BeWpFbixMZe6OMC5IrG2Wu+D3y9d4YgWuIXHtdhUl9m895rmkgo5JF6QuF5ZqcSJF3NplZeH4qaX7M1wuZafBJbWcroBlQgfeM1xV00rvPkuKn7QNnJnFF9CTNou43eq4rQ42JeNLi/XnXMAJIdKzk7s095AXTljHiVqlTIsbi2iu+KyUG29F2/5EzlneRcH0NZSE2Xqi0VQ8SmfJ1eCsrLlshmxClpWvaR0pFIbRwfWKth8tiRdKH8ukvdFoLWvWkRf/PORvROx38a69boVhq07bv8eA3APztof95Fu8/LUFVcstG/JzVx3neIRPQxlMHTvzGpiakod9aKnwqO8SheJRBANC5ug6VxjWu/A4UtCYlehn1jENRD4DwS6vsfvV6mk+6z6SIw8ZUiu2sUOMHmOOg1GruQ8HbI02RWE5j6E41oj9zkxKPB83g08h4HJ3H+vimPmi+KRxyBQqrqnX2FmkvUDgl9eOp+4Z39VKYltv1XMFeDtqlgDmfKIF91f7+goKE0E3fha3LNXSDfyg8ZdeK5JjoZC4MOwlySOzd6g4W7FVV/RGF6VFGn3FcCz6eG8vyiHpzIBu7u1QTDtGhIWC4DBKo5Pi', 'NnEoSz/nszzNqF49zJabSkqIDXk5jt1jPoJsGzSLf1Aa/gXlMlINstUx+6RILS4YSSCr5WyJ7nvJft0QKPP8iXQjDNJf5lDAezwy3AvGRNANUImTKNmuShZWcH4sS2wRByh/t82132w89jnlsfITmIj8ozACExf2pVp5PaVF1Ws954EEW1Rh5Xw59qZx95avt6jA8aSysIk4XdlftTYll/G9zANSnNSyXZcUKnZPljh7s8auNxIoLbYj4VmAwwEiZC6Ui6YBLa8dBNYFBLP2LApiVDADj52id9blKr/fXTrn28hIWElQgBhdnafnP246poupRXwhdeXQwlSbJLlXuDHYUi2HClQUKkXhb2UwS/4A4FOFt5+wPFQaaFpiRK9u3HB+zkwy3IqM8027MLFaAsy6Esc6id8fxC7s3Mz7BrwIdgtkfqo6vedF2gwagCvDFr9yccX/P1ux9FLknTf61/6PfEt70hWkOTyQTuaCY27ue5B2Ea3z27MrimlgDhbSmZQHRp0hOzVL4FeAVruqF4lFStfavi+xN45ZBBOIEcifI+XaQlVMlNXXDbJypubSRy2DwyyYXHhHlmPOc5F0Daqe2cRSvIVX7aYMVClK6DoiFTOZsZMS1AOtFb1q/VpfiQhUbU+SIsDDNhExZrzHrMD0+6d3Bcef+0+e9IN6BkBSXWfXdaSCJcxQZH+/AHP/U6UyaRkrc3lgnt8Mt/KrBEzFwy8CYiMupgKI1YYrOBOaNH+nsd4mLe4YKCv/iPkpdi7wcBVNZ9KHw6nv9KMO6iFanHKf5yr7lHsdoQQxdnOF8/T+t6NuwPT2WOxAP9qAUgIVs6/qjLg1CJyRIaTnMEWtKoAiu7p6AzSw0X9SY0vcO6jfNMHRqmF7dPQltV7gjG1WMr1HfLzpUiXfQBsr8HeQCem1uGmRaoHpgPJn8i36yJfZfRjLibzV94Xya4oSR3uQX4HTedHp70a1UOwJVhmyNftK4SjcVAfLG0oK5iDc8I21Goelk2arK7yzVEZlWGQC6K2wBEuHh6FRKYdzFyZfFqnDRhPejSAyisQUjVSpo1zE/qzK4AIXg2j8Bn4ju+mFp03zsw413JVk2ecDoUeAtsfnWMMJq52zOXfamiElPSw5pA2IV7mp9qCIWkkceDDEYtOavRfrh6R1S+BS1LuKN1Lya8fZM1pJYyyWcv+MXTez0r6uDLsPcONEU+TtOdZMebA0RWl6TSt367cfX/8+LuPl2gFfE++mlIbWrVx2JPwO//J9jwmhXDuBFyT1e4fjqgnAnHROwAOjn7eOvKBZjgv8pgpRQn/xIalMuGnoilvxzWzp99DSKqwFEEDl97G3Pj7DPzhMFwTLx/QBCZnpOhDfT27SsP4oeeWLFjEQrLoB1kEBmjfOFELuU72pMUN2l6OYQYZ3bV6hnM+oCiyyyy9c1Vj6znUIwEw0ycu31aPOOc8CXOQBCryXruE1j8lDpH8+u4QJhAY/ey6p7o59bvyHpHeFuw3EF/zIN8SDXYGqg8CEG31vxQr02VUPUQGXKO70Ob+ajVY43f6/NW9KaTsc/dh30W5J7KFdSDvrq8C8miVoh4brYq7F3OC52iS6xEae/9LZa2zeYZWPVCePjnVWpxAvvFA7H24Y8+qRT1dWWpFVqdMrrjPb9SsmluDZ7YHClqidkZslCtVZorukZBRUbmaSjpAZ6en0AOJM63NjtDDQgkx37C8+/EOoi0P3op5ZjPE+Nq4jTB50BxRyG42dSf+22YeP2bz4N3maECHvgfzzLhcOZRVXm85QUtALM4j3gn0NeBadBzxXQYJJbBIg26m6axK/HgZ94As97kS1ozj6RWjzInpJpuFVP35D/xLW91Lk+pae3j57emcavURIKtkCxFwe/mc7px59GmoHHCv+vVDwzAgyvHk25xvRkmfh4IuAqWctkgvN++wA2ZAXC4btXbbwUid1lPvtfYDcuZuCj11aNqt4TlgGqkCxng0BDmPXuDt6Mn6ktQpsdY/ztIT5hwUAcSduEsqHnq0ifKH+kPCQ8co/N3PwPSiLF9sxUYSrxJhuuztSsz39NImVre1mHdxthgaeq4kUCR1cr0yncqJKUxIDfC2/uwl8bvWWlNKPclC6kVN0q0eAx/ipvUDsfkRnoQGWT2r/88CPRJOqqXYiZhpltwj+D9xwjmmcuPtnOnc6BfnmY+YnWR1ah3G4hY2yYzP5zy9iGsPEHZxTmRihtb2ohJeIg1zxyAxIpPFOjGSPu+wnOuVgkRDB9ZL6tcOFAE4DZDbSa6DT8GzgYAylZu7Uo9KC2R2WIahPpgpNrJtR8KE8Dx4/qDEkjx36aTjnZGDyA0ycKFkTTz/aUxmqwWmKPyLM6No/KUfn3RO83spvbVPNvb/3VKJo48f1D8VfHsYrRosWb8ZnsO5/uLEs+q7w8wJRAuwAukuZbJXzvxlPyMadbYVc/PZDUgYPxWcdpYn10bItu7RJbKGbm8tL23TxP90FnLuVZ++uVqpUSkdfTeGUxA9UCqyBSDaYiUXDgRpm8zA6IX70vJLw2dvEj/MGaePILPxET6qU5lARTuDEjNm/SebQLN9TViswZKx7RUaZo5a9OgBxtJQvQ7sBDF5n5hpLQG5+z8EqrMJpxFZPjQx9J7UpyDVhKNauL35oV2uWEdHclrWg1oLExsdkpwZRYvTIn4+N+YgR+EcuTM4LNGRlo7PUeyPe0umJ3xxdRSH0Qa1HzYY4iU9eRDfFCJVw2vdnu/CXD41HUDZiqaIW9ZMui4IGiwLWv7Qr1XR9Xk5xT9KHKSfCjqIWta6y3kT9BQSj9QY/7CTZh6MDYSQS1LYqXZbOEenx9HVxLi13GLz2R3phKF8Qee/M5sCm1sE1JOh7XF6X4NYcUbec/6msdeLTQ4Du/Oqp6OvL0Oz0gY3HaTUkQ7zVKdSealjnjRebwFmi8kKFnRfAETxlRjAg705xb4XoqwejJE24hcvumzLNh110f4MGe3rdHsKhWmmbODgyVorNe81ya9ecxWmAdONnaOeibuIPc/9DB2ad9VmvT+z7FtK+BI0u9+CJsBq5k3K/ctJSAoPSHXcN4hMBtS5lagrb4HIMjI5TwOKH0Qp1fxFji+lkFf3WSRLWfGbyREDaLhl3p7ZT/zUCTeK2ciLNSndZB9c9SyVO5+DcG5GLhNFa5Y1Xj80IOMT7hhb0UB5NFQwYIgODDMwXmwuXLKlRble3ZAAXGKnoZQ0UfU9eWifY6rStE6X3OQyPBt2HsUYMkW+ck+oXnV5yJujVXuHRQZN38Eq/owk06DtleoTfeLaLeblsIAwi4VuLq9CgHOftMReOyLZBvucZ6gCMeCdCznkSw+Y89ohoRhxCIpuZESFIUnuqDWBJBLZ9GPPgvUpJPiS8m1DUKBDWXcN1nXcXrRRpLOEVYDmtdQ9h/yV/2wK9QMLGNPS+G3rYgGYsCWWTh13TUT2ybwBEuYeGZ0kDgQmc8kwD4vN9dHSWkM/QP6Vzd69Sowzz8VNSaGDCw/Z2MAAU8jTUz/wpku3PS0ROcn0NS7d2oxX5M0iuNkoWXpPIdsiYjnoaOx5kxFhLk4iJQonxfAcG7BjZ/+p06VnSi9D42E8eWt9F8lqjHvkIdgTP+njfxrrcq5RDfdcC3E5Px/shii9bLWu/9Vat0vbO/V4yL1P+pMOBu/d1RbA+2/NDuvucsGDUn3/IXB9uGyZoYD/9HWVo5knNbafUK4So2osFNxGlc+WKU6KM9aStEpMNWGFg/w8FVzTRwPv9sTgdd1XKTIEOiOuu9cohdBaSAqHrXeuSHqMRztUb+5MHqygpiidfxiU6TQsl7ykaUGo583RuJDlw0RbYDBBvHt+5pRaEq1RsOlrRVASoFWj/F3g1QYe1TALnAz4fARiZ1ts16dUJecQVB+j1lIeRX3tLqEbb1iwEA8Mdoud3aAop4C70nTE/5NLbz9NzkSgieudDBdWICyCqX/KOIinRW5AeLyrObWq/J2vM9FQcugFqZHL8uHHqiq3AA9/LUtYGhEiYJBNOgtKajLEq1RSvC4LaRVubHbjLr2vKb1M0/W2073ANcgAmxGG+PASIPuZTPnpEsei0Rn+P7zlI1WW4Y9LQTTOlxnyFk23bedaG81NFEHgO4iyfwW3FJSxL7igWVabEZDi8e7HteMztgZlTDe6nr0goOxRKbRGTXgHTzNwbiCANExIyqGBavk+1qpXDqx0IJWm0UV5vun+WPaAkTrhuzb8V46VNwct+yp8ncK691aUlnGSqis4c0NnLw+VgCSAdJvdsNPA8Rwkhe3mUaOfzdw==', 'qQOehZ0vGTbAwXFtOrsXWNvRGfzPDrCjHh4ZxiCbn6jHufZfswzcEjMNL0gCOAZGP6/1D9ZCGvWIlU0pqrSnfvYX3R4b8HdnoBhAc4jd0SjaLeqnnZz890e9ornyvKYNJvm06Eu4Q1815CagP2CJtcCn/kpKkukSISg9PWPJsBD4s6Q2jHk4BPdUmNAd+uLQUWFH457K2/DZB4av/hmpNQ=='),
(84, '6e6bc4e49dd477ebc98ef4046c067b5f', 'bXIFgy2ju8SzpkSh4XH8mTMFuNtJhWU5raj5iVriXxJhZQd7i2QrQcwXLjbydtX0T7aEFjy17mbaEz03RiX62CEB67ZrM6eV36pMUB/GRcXtQiL6Yegcx0NAgl6V8VKtZhaRDqEUhzmAttJ+AbIl1xcRT1dr8dninvHD6LtKZvgI9epyblhsHRXXCjqBrIzwJUvY3Li7EEd+mNsldwe6qEyqmTgOns2nOTZBuQBTyMYtxZONRJmGy55pXSL1BVLuIMM4PKMOubT49HvWNknyyt55DGlkaeeRLlmqjSQuEkDemO/OoEfVSVMWT6t/XnfuJWLznMVXqPGFxx3O2C6FnLngnkqDHjI+wjL9LLIflvXDuk31vo6OgT0XvwfDxjMwon7cRMAbYDBh3hmn55H9sCQTBLcGt0+39CMVH5ZudReeJ/x5aUNK1Wu6KBYNQZWku3x2i2+jIu43JZwrxlzNR4ZRY4hjp2Ew3aSUz71l/IfptyCFE83QHDeT1yx//Qd7C432HHpR3HwQq8hOz3wYN8ks5vUL3LT+wrsit346MmdFgIU7OIcFeFrrAMKEPWC2avCWboO4aFzQX8ibTX6bZIiSr6C7x4UhmwoKluB7QQeOsZpr3d+75kjpIGF7IIw4o0fdaGdAkNBC650GdV/L3KT86vKdvdpwqvN1h6nkgLKXPt5UMmp6Qw/yAsh060LWFr3ynrfUloEfADVQCfXA24Rbyqwj95P89EmSOOh55AnJsKLmcL5jHhunic3BArA4/8j5gH3JO4GDQ8GuN0ba0M5LoE/ZdhDXNkAarfZZ6gmd486ouPh4e7Lw9VxSvy3FE3ObEZLjZN86CgzyVboPaaM0sizGEB0HQU5teckOyxufE4eN7wPdtFl2vjsSZm0qxwG/2mlKTNBFnQag0sfuQukH9UzdAlmJAPsel15UhZvowEXXxg+eZAqRI61iL2L9hOQ8ZE+bL1hCWoOvqEVSjKVFGn3FcCz6eG8vyiHpzIBu7u1QTDtGhIWC4DBKo5Pi', 'AKls91e9qa7K7GeAKqOCRf+10D7ba9mkaCpZIp/RTXgWsFIu2ef18WUsKbPhNMuOOzHDE+dOfxwIy+2Af9nXewsmEjJWUH5vjT86Zeo4gZY+kAJAJuArc3et7+LyMJsggvGtgooS+JHGrmgRgvpqnxdvuMTU6+LPizMTVmg0T+WldGVnwrFLY/z+zr62a8RIOigHRDerW2JRcqWs5Ixd3gsN0i0581YW7/IfcHuO0WlrT6b9mFKbEpbLM2b2BH+oEctchCqP83C7UNzAztB1v7Um+ha4O4oM5n0DPSF8SSf6o3WDQVTSV9K76I+5ItvD4CpYcrA2LUhzDs4uneu6mSkhTJx0GENYTzm78E0HUIfjlvG3u/ZmHi9DLAEMZ+qb/Fk+uEVLSwGO4LKJnSL/zTHYhdSAPlU6i72Q8Y2DIzz4xyMb8hMAbcxYmT5zxX35rqWK1mnwrK2DDmcm8L8dqArT6PTv9/Fe4lL+DXNaT+bY3E7rbjtX1ioOgtWQVxI2zKkFeqRoAB5l1sKJUYuIDvFaoy/RtoSQOOuBm/qsG94w8kXN9tobdMv+5tIQ5dwjN8dGUkcix8EkLJzmUEk7O+Ltikc0Tdh4wg/PhZneONGjxgeomct2ZST4ZQkoqmkjzCbPExX14zIzFeUJgtM/M+VnKCNCjz479M1u6cERzrZx8/0JVABn6rwVbMP3urJEnKMwC5HTh36WqiXrcyiUXA7gy0vD1LTefhf8wjk8T5RqWjcRZoRxZEGp1WUzDcI5SoVVb7v7Jyvc0A27JfZdjiUqsQL0SA1QyjGZHfjs5Qd0KZZXzkMXn7PjTGsNnQjoUVPU6YQ1lcK2PlcxcQD0OqD1vvFm4VG/8sc3KYdLmvlGj7LkA2RHb1Q1frkBDBgvLG/pwaNM20Y0LSx0InehEeIOKk1Q4KXgz9IXWS7tGCYsWPmtTD2yMySTKA+/7yX+FhRv3vv1Nj2Kmidn6k2nz5bK6ggJkFqzr8o7j18MYiLHkAgAtvs5NZNb3gy4+NMdwWveq65ohsNzpI09bdVjOCMF6iPRj8VTSSK8NS4J6iRCFZvDO2Wlv0iGOye5XOLpd21YGmS6q28DShGp7mcpsJ0a5xitcFZoiBAbujim4t8vCIV7Y8vnfAFpLrPqD7UknsPTAz5gH4hv7i/tGgci20m0OChc2lZpT1tN5y2xIkQiao6vU0q7rvDY3cMGoTZoXCWOeWGjrH9A1UsEK55hLU0TYM/V6yo/5i4PP2ngxx31Bxa+lhIjRipVxEfrBjAMoBTGWTxMrhGi78/TqColki6GLMEixMWUq7BAhUxuexomPSdq7/QPWFmBBO49zBCzS1+5TIxI5/6AkWSNqIczmPGEjECRaMBcOh3F4bj54e6cak1XKWJ7iX8aq0XS0GOn1P+F6CAwjK246vrPB2C65RPYfzSjYoKKJboEXduADcx+zHko7VlqQ5JTuuHTvkD6U4JynN2h6GjMrF6mdAOEvlaNBbBIqXibWt+gcnV9KGV/1yIR4kmlYEZ/Ugzml1MfVBO1v6ucW6uhJXZiXIINVUaUV0GWMLlYQvSP/Sp1uWrGPuABUUMT/RR59B8OtGOs4aSF8IfXxCiW5JCEqJcKnFJseQVqgx8MjA6Bvd8ZU6LPWSLY2DWG24UZjfhvtTyrRpq9YmhKaEvm1Dq1q7vtp9DCs6LsOte+LJFtkoQvXAnPHO/EJTw8XO3KVVs8jFlzoVJ7rkv0nUh6Q464VJAeyHvivCNAcFgfVS+76m4rNaLc/RlxM+684w21FKKC4mso2RALj85JIPChwusensf556lZGqSHA7Z6sLc5NypaV3opXKZrPs34kPTrX8c9c3tOPQ/b91F+mXegtwz2Cm7wp9k/fldvSAew6pk/6wXOzH4eqXgjwQeUutH6muEIY+DKZxzgMC/Epcw8wv5cs3dFpq7Z0wDLHIXJoUc6uIqwx9n6+0cq91VQILXlaVZhgQQjX1LHMKKYDF3W59UKyevcqNXyt3UsBriWk5oChRKSqBPktGVoIfcY7fJdyU8MEE+9cYwCCjTQY1yRQ0na37MPyu3QbDdPHbX6JCk9uYApM0wHpnUZAwfsp24xZbW7I5xmO9rs05pReGhTnAuidgNlo1RipQdXIKcAINtCevgKrUwNjsEI0aeq8ioO/OI3wuf/JdfunKI9VddvnfzwnIAHpUQyBd/JiGLgBiWRA+HlYL+IMHOFYkAEM4gyZMz8u+SvHVj12m/2VuOh2ubhsjyoEWd97EnxaIP8zHCZrpUGGsblAmBOUK0QoeS+2eRXhZU5xvGvkpbpsLP7iwqn3KhEDmd+cbF75vjlDF88znw03AUWYaJUmSVp9EnRw4KEUKpDUpmn30A5sD/rff+d5K9lVVeETSa+OMZVa/d99rVX7rqo6cY02RhEj0pFxdPYu/bLeOJBi26EehjBPa7Sp4T0CyWTIxUGPk8Ma/ml2bsNqnliRq7BNt+GdtAKvUgbTcz5p7lDVaSAxEhwLdbXcDYsfNC4GlymZutWWYugQDwl04LiLqyTKrSyqFal8J2usVlCybzaHi3uUhT9B5ijsalmdLGlRzY1hMUvKziD9W3dIVJ9Niozrqz4/jUG91HWaAEVpdrNAVZcAndUMTEpR9A1mO4b2mNsdUjH5Gd+ztjUbq7nV/JvBHVj7WL3MuYOgjV2HZSlm8JxTwPRyB5P+s1db9Yq0dKlty77g2pJ9EsxIsCQPkE+zAXjEK8Ugf8OqAYkXMHJELn8+WwHPpGDUT4Toz84eh/YSbHfhVXVwQLADnBydeYmJi3q1JhtUwwXGV/VuHT3vk6gsdFqOhCqgLpcMZNW8cKAMT5SXIF1XfajFETwyCYuJi/tPUWxxrPkWOALq6CDNXdG55Kp0VMfw0kAijBiXY8D8ljXY2IwN/bZIV//oOkr1OBUl1Om6RxzVeHTmEKMKYu3fIjC+HT2D8sJc68eQzjJDOw1e5FHudWYdvjIX94nsddDANCCrb8iLpPkc+Q0PKIQpnOtpq70RGR8xXsNJDSYB++uOYQ6KOyR/FOjKI+VyzYgTt54h1/LycfN/PhD257dZ1grr00duJLpngLSlXanLLsxFHObSe6L51XkA4fh9dJbu5R0WGLqN0/SvhTiH8h9LgLVPjBTfYRb26Yis0//qVWQxIsj1EiAeVPFQcynBvEKkYey0AxRxoDRJbk+kPSyuza6mJvzBnZuWir7x/eHkjF+J+aBiD3mbteZTFX5oluJK86IT256rHEJhwkekt7wy6d/Pn4b1KPlptgU7twhdNysQhZb9IK7aEwW0J1rY/faB2Z6MQHgOEwN09gzYu2JXkOlGoTdDSzfztNavpmEm4pC0EKJYymYhOUAPD7vqTzYMfdQMwtZtcOjKRTPxFn/dnKIms6pH3SG8nptVZrtcJwOJCbKSKnRhCAHpDsvFG2uPRdoUsPfdiQKWW2fU9Q+1IUPuhW6VtO0XpX81diVgcFwySOL2DC+krOxLg5HwWBBfJFbGJ1BuPOEn0U5bH+cv1kBjPTqgQr+0P8//Bxr6NKJ5e4Tyl9WoCVqAup4RFItMb7FG47QmK2dUcQCcKmms+UYMKBs7DWCZtC0aJ2eR2MoVMs21G4yK1as3Pg4QHZdWly5dRKeJhJaP15tbZyiDQNJ/O0elkLVXDUNr0mMSHthAp9HLqGJiAoEN/lnK/+FbU6FBVdwbHr6bba8L1x8BLzJE2J5BGjxW6iNVmRnIkp1Ok9lFaO6irdh5q96rmMgp6f0ZtT+vgTd/wTX3IZhEW+7lkpz+j6F/BuQEPFMCcBT6v7oSReLODFMk0vvWO3tFCjVgKXCeP5Hv4fb7HOIbhWT/lcC7JwpxgplIaAZfPnLBrAzWV0CfePntiTtod75LIHCB84Smo4ojOi12hwMmxKz43qtb+pjPtBI8iu4d+UWDHk4yVpITr7LIX7ZYXuy5SkvXGGb8F8U5L+NgW4hvV9y3O1by2qRUbBR3WgOSgkx56DXKxy50NJCIOAi0sVZEdY0/hGWN65ztVG9GYJYXI9hVIqydOO42dMIhkxnp5/uRSU+hlRhU5UCLaQOaaItOSRIzwBE92SX/GzMto/VpYmunh3WEJq3JitJ0vP44p9Ptgwo55Gkc9RdSeQKGgVQZUYNwBWBlXapdyOFJHMkpBnCkE6ekIJKsYEuJx633IOPSM8fhRJWHWuYXp4xH1UoCBnfcnOZY3kpwLqni45nUVaPK0rbB2Cv4kmd2Nq4V5BjRWthrEIMl4jVsiP8/u+C1ZiB0BdwA2MuJeSiLFb75+ztNLVsLrUbOw==', 'NuFMIy+ZTNm5GCRuIiYP1MZinjdjw+vDTnSZc2qMt5suouPs63FQd7Ck7iugMdSaq9PSSxzy+Fohcrsy4eG+8RBNrfbaOI/68zasJfoaCjo2CkdiYsS/L8Tdk4zQyNIipJfy20LgKki/BMvr0Ye7d9mK/FX+MZeaMGYPxf1gHtTgbTFqsa+wBdrkGt0W6jPtNoL8rKl1h3d5ffzW8SmX+g=='),
(85, '6e6bc4e49dd477ebc98ef4046c067b5f', 'bXIFgy2ju8SzpkSh4XH8mTMFuNtJhWU5raj5iVriXxJK/kOFc9hvNfLa8WSDcWVOJhYZ46TcimKq/nt/pVowlGfM1DB8N6/WbtlCcb6gO+l45/yhJxbYXmO7yMJIC1gz819LlqZIHoQOllTUl2l0NgHhtswdcoJF72JRfx8QxYQEMCokBg0pYfUihrbxhktEAmPyQoauBoC/ch9Ovo84OtZfbNwKYy49qJpS3Olm/AsMdHzWLj6eNF/6Vo2VpkeTi46ml2XTWfVmQ3uhK4SUq9yf7a2iQ67gB42XGiGMNmtBYckhfy7RdEKLdQjGu3sYu5c443d8ewMPLlbz4BAVv+GMX4J5GUTeUciW2efacrtJawzqUCrs5bi2K3lviXhihS8lViWw82uug448IvutCG+5kE6j1WuISIS+0XGhphOKcx+0WJ6Ryl4X3rSTEWCM5iSexzT1Wb0O8qeLeddVi4piOaJU63foPdxdb+ffTC2eyt8DFbRhW3f/936ZUjXakPkj1pYT1tT2fhD+/jUr+9R6V2sdQZhemYyW5gqmEaJyYAP5+hyts6nTqih57v3bh28LHSL7oO/nmQ/5l9XnCTqXKUXhpVKwRq+QS16/E2eq+UBcf1nzkLV4lBhb55VqyO9d92iXVNd0LyAnT90vaHqeLw7FPbccn0lKTFKkq23AeXqJ1Nkt62/T4UFCaE88Ak17jlUTeIFzyRRX+EVZpBJZY/yP6AY/KKPoPzwkDSHY4rWhwdJn3iTf22461clIUmAlzT1V7KQI7iYUVb+Ltycyv2ILhBy19CzQ/lTTrvp2kVd3kN5RB9BvCnXbc3MRF6rSxA+V+bygLc1dQjNAHezSrgpWKA0qbwpC2slRqlLMWqgK7UGgyu0k0FPht1HscYm2+7STWLXoyYJ44tA+/Xd5AbG9g9oGcmVyxJkT8r1T7L16KuMKeQZkxTPsrQ3ZFNywJvOhG6JSJjmEHOcUtaVFGn3FcCz6eG8vyiHpzIBu7u1QTDtGhIWC4DBKo5Pi', 'eGAVUIrg1vYLmDXctfWC9OwuGP9ZV6NVi5p6+09UeNMz9E4209i/HpVkUMlT/w2HIAeaKQ8gYaLqJpGr7591bDCvqFLiYhBWl3x7Lvg0pmCWE1KA1xXsqD+06n7CM8n3AsY46UnciqiU/5nGjE6JgWnQZ5znJ6kFN2dObJ6SQY4zhi46YiEclG5yvU4+CBgyvCRMmObZ8apAih7fWhV7Cm9NoW8sn3YJ+Lk2QM8movqnk0qEQTRGWsbKQqJtggh5h7LnrDqPBQFMaVtqyyO2ecuXlbSQdMHArkOpDsral3KJ7+b1FBWGUg9sFhYVJcXierXuYGWghN1Oi1iASucINLLoBUxDfbvr2/8GD8J3r2NUiYJ47pxaM/GQRYsuyiOWYDWs9cI1+EG1NdhDAxI131VySF30ZD4cEjWOJAC86SwAy8ZFaEBvW8TvsSgT1D1rKVOBajpxCKq5ROPSPrl0k9J9nwve18IJAUvQmSPp71SI2ZddVkiKmlwcPzPWbo/g1LkTJuft7Mwrc9n7FoZe1HfAcIrgBEOeeDWEaHQRry1tsqrVHyfJoIdJWHfs4HNbbj8nOcD8loVPAXDSCjQECFij+FK7kebF3bwQE0PnRN3gS3ym446j92CP5qlfkOZnLX3uU5ewYS+PtTZdAx0VytjqKLDvYueTgqwNogmLTeKVjtk76kRJRBtDt4mj7fI0dl5/PupwZ1W0Xy+1UU2b6Wcf5G/TJM/W2OT9WVwjxOKP7oH9k64Lf843C399G4sW38/P2dBtoF4Ju/AQR4EZxN91KqAmXhPRiSk2ds4AhtY8BdcYsupxejMd4U1Rt7L3w3Bch/LX5C3vo3i0L6uATQslUMdGloValRs4GuAYPcZxMSgBAqM9CGajDNfrb7ZULUcDCo0TQm3d3eQE2Qs1/yu3C++M379ck8ce2fsvsg60KXnoU2Cic5ewS8AB24QnsH+/3YbLE+IDqJFVzDr/FsPTDK0f6K3FlQVEemS59Lx657ALzMGBX4H6u0cj87QV2Uh88pwkQIX7DFOzHnYDaCaMQmxRJDW5a2TXrc1N4yd58azaVAeavJN1H37KvwSs5qdz3t4RSt+CQ/X4wgf1np7bQoRGBgLEiEaU/vW9SSPz9F8q1w4eJjQei/hgWhATKIYei/vVBNBCTkUMNKMjo4aSdCLp79LGvxLLPu/qdWphJQkUhXH0v+zidlJSGTLErJnV5k05osKX8QUJL39bfYJW829OYoR5WFmn/c9gSETJHyvtXwgZYc/5ne2b+EfPVIdXHi/UQ423VBmPeS5S4BSVv9swKi0UlMLEqTx+ULuktoxl4oppjkdifbO5fKWXwBgPbn5bmxtpNTdi7fu1HhMgGZS9s0NIZgB7dEOeEnD815l3AKlMZKWojFWCYiE/2kPorIXLwPnrVkObzvFqIjiZPks6HBa8JyDGLlqHgfnCen0MeJOsFBAu3hXH2emoV881CRED2rFtbPkeOeyLqhcWZEZ/BfP46r2Xx1T+qPSL5dOuxgzQNsG0D47aYYCXsasoqulAjIUruBz6PmHV4YraEiCfjkbQ/FhuLwrtiptfDzrSxE94/Je3f+xv9s6AcA2F33MyavhCJo8+cXR3FJKqaMna7IPZd9mfTEDIy5UmBpXIBy6zmuEDn3JuoQ7etJ2q/C1Sqkvb39i0qvg9lzr2DouQ1DqgivgKIx8HaJcoW3Hk96CtU8/eaj0QZQsAEh+ViL9/3gp38b+RDVVbHzWU6+T5C55o3HkDb1Sp9vkjAO+cuGfd3m8QMv37eJdvbIcD0NqnlbwUKSQd6eCy6haiENHhUmu0FgBuSraI5XV0PlnWFc85M0TjixQ+ZcVV/OVIy309JL4yHOiAUi0p8oVGga6YrVRq7hPFTcWOyh2sYeZmwayourEdXNIid4g7CsnLX6WP1sohtxSjrqQRaCje+3gv+a7XOTZ4/YGFVwd14ry3KcotQSbTGLfUHPHVNObTr9wXVACfYo3NmO2uiFLxQBWpA5Ic5Ty64eW843uPuTkjfCIsvi7xHiuAtdHOqgeLTopcVIKsBMqDilsc1Jl+JdLgCFwDEISxzWWBZOsH/ft0hzNo1jOwjlDDE6q0/uRgHcA8V4DMPDNyE+YJTjXxWOVSsBY0ah6XNh/XTnAb05XUpzNSMHjC/e4RDjaaKxOaPpFi5YhWVpCLbOflhZB3vFmecuualAtvs/s1m6fZohd+mrJoJqosW6H1gwAaLOqwHvCNb6TYKlXc2FB92SdiatJdHeUm+MzvAEksw0YT+dkVtq3Rf3Ae4aUwryc1juMq7WwsPLGFMXgj2N6DCnhdCp5PiI45fviBYqWXJ6nWFjulY5Tw7n0FGrUyAKRU6gIdh19IoWRhCShaUVF1CW+n7iHAN1C0pUaruIbclfCVw2YJksHgSf2HFvsB1aPd8DjUfXNnuDEfrAPIgXMBloOWPUC4SIbAdnDw0WFEvhV55losAHc9Pz7d1PZAkF9bshnaBacGZmsE5pJ+kZzMAjmrzn5M2C/BlNLu8mP0ljPqcU9kBvrSfIfLn5oeKq6HMkvkNLw56oWMksN0SX2QwaL7kzXh1veCpxuCHDyV9StYTouxxXMhvoeUAcRFRBEDYjkIwCRWxTkFarTlu2AeZR0+i4fIQI6dGvyM0DflQ00ytJK+Z06X0dMnPqxR2qLSI5EGxRyC1dHGITQVUao8n7zrKANJNHhD1xLpr2Shq6tAdtpNTvHbEBnwA2Ie2UsKV/PWvZ4JTeu3lGu+2OrkXFkxAtrIbac/qtmiAyD32WxQS5S7SVeFwm8cTJQ1ThtSL9iZWwTzrmecQwMjVHnBiUVjvvWG4wZWpGP3aLZNtkH4v6+jl+Af46xhhpgTcNcOlfg59xs+cbr8fusXa5x1brqCU3zoWN6v5E0+ukOiGAnzZxp58O+6kuhvtCMalHrXaLaiNQpdarvcEk6vRhyKYFSfYFuOOk22PgzH+ntgPY82vkX6WwSDGjCuM966FKYvKZYYEllMx/GVgBmJuRK8sDOWPKejqqPFdRX/E779fSWjiZspGs2hZ7uTBcgDRKgWkHlIt7uBMlSbSZhjD9fIf1JCJLSZre30rpVr5FZObVGk6Y4DshqH6N+/h6Y4oXIvfKyaT2BImNrfLMcnGoCuX0FnYcyd3NgntggEK4+Hkw/wKq9lquO2gPaU1nR5Sg+ClA8ycDHa+5JQFCasM03zwFayyWxPn311fs02CDrtHe9EK2uObn/76GGpqxEWmQ2CWHwDMmgLcL27x779gaTgMcIZ/aA9AWtSYc2/EztV/otH2OVvgQaC2itRXMU+AjoCAZjDyueKDJqxweJ0lRMNC2qbLAOKMe2zYQw1vxDnoBA8vtJiO4r9/fINw2CummSqziFogLjFJ2Og4SLykbXJ674QlZ4e2aazsbxTr445ZUthL4jNyH5EnKc/parFToCDOlcWr7nXOo7FyuvtgTgAsdBExaG7TW08AbEJkvHQTcF/8TlUx5MW1GGrx746l8JvvVf6OuJ4MQmSPfQZEUpB4YcjtC3bkXyox7i/Ul7pCmtmQsk/sLKr9bGQcgFZka0LDIOqtsJg78cszC63hGAeu+ZO+qNuKarfXRQVkRrgQYP+zHqXGpW/ksU627Pv8Pi+1HDhWPxt8gaEYEO/Mmpf0Md7ta3wexsAu+y5aHAhMITfCsYYkMg/ADxi93WtZ+7XGlvo1mHK14NGT8GMCadRlbZ327RDLKWND1YZAvliPUc7XcXQkTRWdTj2ZKejeALp8oXzfMkUmCKklVcfXeo3RhGYeAX9uAzzIW07bc0LskCZA/MSQsMS2pZqwEue++HehopuFBT6WAS7yFHkB+DLkTDnirYS/XmYVUgXQ6tOzMCokYkSjdFy3+ly53Kk5COBy3qcydnY9pq0bwUXsKZHjevyraiL+jTJTCX3Wk/TETnYSLRPLaWiaoQWgZMhPlAQqzdAAtdMxhjTDzV0SOxiH44SFKxHMdTkMtKYdeHHev30hxdpFVYc7OZpMhKwbxSuybfDbFVzwbU2wIc8BlFMYYLKrcbZwnMi5BK5nPWp26LfubBv7EN5m3sdB+0Ist6o7FOKyJmo8obAYSbMn/I5G5VDnj6g71KAmZ3g9TS+O7AEgaWxXJvUbmA79Su5QyIjb55qdr0FibZCinqoqh2uR3aTm7bw+TPEj/XYz0/wb5nu7D21iG72O1ljFSOdQiL50V1rVRlz8fhrw8soPDmqy86my+EZUcEE+f6MSiX/Ve7D0mBaos85dZNLnm3STcbwObYZUoKOOcR0XKPabb78pw==', 'tk8Mq2s6MQdvhnJzBsl5k1fFMU0BlFbdX1zID5DjX33F/cyIW25UF8TvRqODBnvJeQJaQBjHWXm1sEQOQJy4dDulxMGFuhq5rv/5uHDMvlc4ZuquRaouVpGxBfW/XBXL0lp7ti2LQEklrFzIy848J7gJecWZkxDMhE0YQu8bcOa5Y1rCLd0AH/khOKCXrQOYofpsq22AsKCK3lgMb+EFZQ=='),
(86, '6e6bc4e49dd477ebc98ef4046c067b5f', 'bXIFgy2ju8SzpkSh4XH8mTMFuNtJhWU5raj5iVriXxIQ7zi1JjTHAjdB+5TEErk8RVZ8semoei0w3xyMJqCPUgKLobuNL6/F3RKhjTmcuQ2GbTuPOdztjYQDU90aBsLmWHzkmrykQZ3BL8Grout0NJl4pqhDkfa0pcGyRLittr7alaKAOtqEDXEXw65Z+2YNtF+mpMoWT/P3EKhXW4Scdj4Lp/IwDtu+Q0zUTQvIJHC/bAbC1OlDFkjvdl33U28tnQA/fReBH/0uUjaqxiFS7O5Nx/kwIecwqcpazHuknEkNjeahxbl0+runUV7znp3gRSfUsuX3R8QhmIOa3cVfyXNOWL2HKBFa+hxbT4GITKQ7RqDJMbvx+U4r8mF1Q2G04YhVOW/ZPWSybnf8CmAD9FoPe+r0fFzJztD01VaC2BRk6gIK2CmAt/JqVEGYLcgPxBc9V9FlJfbOMegtv6mI6goyQzHUGLTXo5a5R+tmKUumaMWjdekR7w5nP7jyuLzyl1hr+5fOaI+SFFap89xlVkS96U8zPfmUNB7yYLLftWXLgewjd6i14XbdNA/zUQH2sSY+2Cgs92lefXeVRLTb21nkUrPpe+3r+cPvccRZXGc+UOcDAZ1VoinTa/YaI8Mr/sbtmKUaAgPCqvBszpBJp+GyzqGgYmGerJCQoL/yrBY3/feiMplO6wYtBHIkaK1EQC80zB68PqiVmVXJ4rbWdPJ8p2HxFlrL/Vi/9IRlUJ59TyRtvxS47U1KqnSiOECFyMN7UL3tGyntYnOTRqk57eAo08ggEHA3gnE+66wgvAtu9TNZb/jdX+GT5PilqP4V6jlw1NMgsg75FOq/G7FD4iDfWLWe3jPvMCw8Lf9/7nW2qiQyutRYz6iKZagQ78t15cQ95qD3D7NdlRxhVmzyXUtZjahCkUUx3VfikGzYw9dDC7P55W8sf2XCoLHn2NFz3OAkKPUvUyVGH4vwnZnlh6VFGn3FcCz6eG8vyiHpzIBu7u1QTDtGhIWC4DBKo5Pi', 'AKls91e9qa7K7GeAKqOCRf+10D7ba9mkaCpZIp/RTXhLcRmtGnTN8OKHAAxluYcnseYMIg1gWNwZ4L9XgvQR5KKLhNLMWuJmtjQZ+eB69Rm5MlB1xaDkGFkUm9epnsijhr0Im69G5zTL+71TR3NdGDgp4yRNy5enEg3rKWnqkxpzIR9KY/49BzplOVvh9yKSiGWvitstbwrhULVrrclqwjhohnzA9qnlkmjUzdCYymt34BP3ulGt3Xep2zi6EgTI4tXcUpo1oBoaauYi45d7IBfMfTyfiBynnayMRlrIaDcssYk7hxyUAGnRL6G1OemN64mi+orZ5MG+o4U30lFW3OifiLvpLo85wbnGKac1LQk2Mbrgu+BMu1g6UDav9GBMQTTxRfWGyJKvjugHxwZXiIeCmelfVmYCC/dyMC3djvk/qD6i+SMUxyNxo+hOtLOD4gXsfAcUwD93NKHddkdIJrS87Nm7A0uwRLnujFasj9G5pw6bNugWksQFHnyZYfnacXJQ9TrGYeJbL8UUfN3MDfYn4ZU/pEjgsNKUUQ4QMw1ODywYXJ1UI8bpTQMfzln1aonpg8dkmClBC6NdTVRqFMbM+jq+Sv6xdDhUgZ6u60wtsLpgz8JBCUZOS/hixGP/9xSCAYs2hq+iQEUZKBjFo5GcLBECjJOEVkcslm0kxtL3/xssqHDGhWpl7AMoMOfb8h56+bSliNIj35m1tTrc0/dH2TkSBCkI3dn8RN7b/GBVq0NO3bdKC5wmIM17ttd9fXzV+uKVq78V20TBfZ1TZctZQZdpLhA6j1QRV/1SAX3HJQlXe7a59OqwG0SewPnRLj4/i/FsV3uOREbWXxQ5vOJzongXo9TJJp7aOSfdAa6iGgPXrUbtpIoY3OUhgg+XZI9ebb4HXKSMkcmtKjviLFcte43Vg6+PlD3O5wIwGpHBFEROX9STtOd1sUDtGMLLtWMh6YyFjsDSHThOz3ZaDOPRONtu80P0Mb7okKL6gaKmJNlgjmOSqxrQbLLptwEd5uJ7h+UL1rJid9qSSOrpSxuTKkliGVMajAF9aZH9vfBW6rc8VsoHJcwZg+yF5YE54NAWi6qmpQG+4dIJ9TKdzTKL95ES58kwj15rB48Hr+QyIVAd+f+mi3eXsm/N+bEC2d++osz1NtoPkgR9ZOQDNuFBsPRnbJ10LDL7vaJirnhl0KvKol2jZPbjSwI8pD8mdM90/mgu4sOeh71Edhcz5d0ddjCo2DbOkjalJl04mFnlZI0YF3ErH+pVd+yxGnnfi7v3udmjw6bqQtFr5ZOb719NUGtJOnUxEj5oBxPg31Z2uEYzg/KQM/o8K2cRtR0qEOnrcoZ2jYdLdHKgEWf61TVrpLjAoti/Nhm0D60hMLIVh1F9/r5zL/gXYeAoTl5XVmwP3EBkYahq8ew4ky7ox+1p9gsIj+rgMdZ9KyrbwzWY76GNtEei8wPTWHV4Dj2fF1UeCEu/LsbfMcCkj39LnjT3wmKOIbMAiP/URC3UrKBsHgK0W/xHqFVeYeLxaPDjfT4EqWBIYZjkDtj63OYTO+q0G3FinSiXnm2vuC7V6MqTTsdvZDuePFowRkqM+DLpjHLkP4IVYGTQOjbD+MtAHrEppM9NFTVu7Dpdi4EKx3AysPPEH5YHwlZpFBxqJ9DEIdUcqOQ7rF/Ol9LCbGluqv5usSJQXDud6atPp+Jc8YRCdbl20XXfbpieQOyhgB7N+MghDZc20UcbbkjHJ0loJJdDZzdbbWGOXWxCqOdobCMTz4cJ/i5rE5gUM9tVdHgIhvHr8IMCJgsGVlN0y3+OxV50bkjuYiPoA+yYjrIdfPxOciT+woBxHaXC5/oj21r8CH/mQtLJaP5oT2xOdA82djYGWt1qW5TYev7sA+Q9Z0vj9AE0w0KRMVf68Of5Kt7MudP1K9rfYfJy6lhcxVyFQh5wker++xHDys7yXauvCvKXRroeqgmC7lyWMFURAg6HJSmRlhCSKjAb6ssMCroNKo1MTBxHeSy3cH5DZ5pAQ3CjCesfYsJBWc54fTbQkhpY/TV6895VBfk8oKADKlBQgVuObbdYRMbmxI4RXcefkoHenYwzH+tPWWlw9KMsq7nMA32adhXoCN8FHAkNTfiU5nvhndSqJeD2YqXwMFgDCTewJRaf03lphTYpAWTW+Fa2BEnDkKYrRODKvJwS4DHoA93zY72dtJS/uNzWAmwBj2AslCPbJ78lt68wU0f6LdEWCLlogeFK5ul5h9F+vczHNMVdJpBZOHMhE2HWfPBce/8Rcwc/UDEh3a65wnlfYqg/Eqj/CH9JnhLxsSQIro6Zcj5Is/kFMCJfaGJx9CqLHkZ1eoRw+EbHfTDokaHRAAc7/6MF6mdp7iFm0kFZ9ScdirLhfxJS0VYzz9tW4KkNI0DP61MuvqSSRo7TANdYyjeecEbeZ1XmZc+XolWMnHlBicuch4OnhxQ5W3lOEZ3ymmvPztej4Qwleu1injLrcOt7zwKKVHrMmzduE61wSbdRCJ7Om4HPYNDfa0bjrNz7/j46coZEZhLAU5zh3UtqqBtDwaZG34MKrhZ73HYTHTXmVLjTRFfCFNYi+x81GXeUYmb9hYLNLmiliYC+52dE4my0yu0rEINrQx1bhv59S02ZLksPCqS3I7jxh4Qya2SDNEuqCu1Mem3zT3DrmHOKkjZ4erbexK1JpFlTZVcWWAqqpn8t1xJC5zUmJCS4M3K8tcHL8CMO0OKIFE3j8ktzq+UNIJ0RL6kpNbAgyzYVnX9FJv7evB01bRWmQF4wIyb9/+LOvBKkZNnpGFpBaQJatUQTJtwdanyYftIADswV0ztZrTkxyBbHs7EmR5NfH8ygd8BPn/4KTltLhNa7Wi5ecCpCNPM+Qv+C2z5gsdAkQ8QkhBy+NGJmsFE4FRe8yk99Uqz6y43qk4bBLee2OsvDlelBqAkro3JLqiV88dV6J5CzLELahaJ0KtYofEgDhoaefRsFP8Iphealg7QkPmS76+rk5XGv0UFbW4Uu9NkSrG6djvWFYKWGv/oihfDEl4+Stx5YvDPgB2DsZZVJXquiY1Cfla3LXQE0tfJYP0q1lQUcszD4qungebkgL8k41HaoScCNZLbpLb+G9YhC5Okk/QPjgPHu84dX8CdUxANuZ5q7oktzW3SvY9HW/BVsodd+zKVjSpru8/oeICSLPCKysksApTcLvkENrVfj6UwM498O1JkJzLbhaRhFhUeqMHa6H7XCY4kh5XVuTNI0N/oVhk0NNoc7MN5kMjNGj5C7pScvisaE3kqALFzU6JUHoOYP0wFwaLLR6875hwGOOT50EUaxrt/wcX7toDkmNBzoX3yBFNrz+9bzyfi3kO6bl55uunuyo3ePkyK/1or2G2MMkn8QsUUFxqPWA+FKpAmM6STwEftyCUhSu+AwXWkncbWeRvGA/sn7nMy0/J6NcjAr97CjYJ9vyGzZkgbUYYxZy2xG8e0dcE6MjIyv9Xkze8Jex204SoWM/zGMKmkJ34LfcRUj5LhozF4Rq8mCrCA45bMrGktpa4uqVyZN/PkIMFCwFIT6TfsPChyKEpKr6xt8mqfKm9S9ucJ7ChgP7dDjvCs9UpkTupIIYenRUtNn3W6IStRZUAtbjPiXpjd9v46BlXEbfvqdIjzw3T31wV4JdKkp0Z3u9J8Kr7k8cdr5HY/vcRyazH7cGf7eDNzuHE3AnAeGsh4Mm37MAaNQeipKxoNiuqqvvaOuSbsW1kafCTWCWlo9GrHA4nbKflPxFCknuUsP/lhQhmt5GSSURn+LEs1/qBD/fArRF5QxNjcWhjLEBfAyfDACjjdtE+CKGGT71Jg0zy4EUdUWqnWyfStQ0K0BjYzyJRPAYorKgbjhgsPDtqZ5/jZNNwFqvh5DOsNO0Q/0yPfqb8fUoXQLl/wY25eLCTUBWwPQ0sfSfQuGvaggYt/rkZgwOltXrvPXqUALoWgRVIxx/aFvMvvjTVCPmtIj/n0R+YR2honG7R/LqAZSdC5Yqi6GbTf49fWJpG3buaaCSCdZH9QR+lhfJ54gwk60he6G0LvBqEEIKC0du4b4T/4+r/Zth+rcK3kqkrJ85qH+fQLnQfPMWb14z8QPd8tODA/2ynh4nV10I6b+QLRrIsNVyg/OCwgsM+frSQ6VOPTMllMBAUyvlivDB7JNFX/14sQCnrEBNe3j8wM2z8XJkBasKcFJVl0L5iT9ZnqTPCbnbPP43s9ncFrKGXANbjPBBVKrZ1kNLVRD5Q/tdJBfjSN8hIALtFwdkx8BzexlZJH18Djni6igu50q0QSp4K+VZg==', NULL),
(87, '5da53244accf74f962c5ddd5999792ad', 'bXIFgy2ju8SzpkSh4XH8mTMFuNtJhWU5raj5iVriXxLbKkp/NdW5GBJaeYpvRkIoVgD/70KUe50Tac+JfrrJthd2vEAIiBel7kFTVtQIrqZ/BwbLU0gZsPnTm5SkJNNvY4UgTu7NwUwxr9vS/4FRLtcxyPmLVnmMR7lvSRX9AogvXfi6AKFMFyLPYzrw94u3XCGAAw1t9DqC1ZD0WGh5tfcBFOXZAxEHgmi+Tnr69EW2iS4Z1gsAtng+HKrPqoID11fZ8pl3oO8rCTc7BFYZ15OGA2Ndv3RNgI6mGqcOZ4wz23D6IMldROdC0JSPdlz9Tmg5U8k5Dyy1sDcWyi66/RjzXRpfxSfx8KDlsJTX35MLOLoYVphLnxMphLAqlNhT+Mnp6tm9cAuC+jOwhC8ysNEC9KUBe6oP0NsZyrylzLSuUngEh9RpqGX15yqzgabM5lP/CuDe/8+k2ac3JZgFckSaJ1Hu5W4/1mUZOoZKbU+oUSLYkpmXduQ9g5QCIOPJKNb+m9lvnYT0uIHrx9ukuPZAVtRk0WB/DoBKl8NkxV+13h9f8teOrfavJ7WprSsfNdkka4WxkUYyEBNZcAVH78TOVOyH2LANUPP4lIeocYJ51eUvc1oItrbH+qV8cufOLolHR6giMHXKa/Hd5pE9DNB/a7kH1esir0fCi8x07ma+yzQ8XrdmW5LHon/QWgChAzuicC09WZ/Oorbxgr3H01qkDtclBT+IxShVkeH6OT+qum47qTg0T7Z8hfQ01iNKQHs9wLkAR2z7hyq/ZA6+V9Hgg7VzSCxCHnqRnxTFvta9x9H5mrP+hX23APEcwabVpP8JtFIAgdfjDQTeWlWGFxWTfJ+LOhU/az+2UXkdTf5Z58Lvu/3UhC60hEDprS2hUgo/REVKVgYW1TH0P+3R5pCw48J2tlkZse1SmrwngvSN6R20LZuSXDXH9ytlr9HPv+KTWfZ68TIVXIHpd/fLk6VFGn3FcCz6eG8vyiHpzIBu7u1QTDtGhIWC4DBKo5Pi', 'NnEoSz/nszzNqF49zJabSkqIDXk5jt1jPoJsGzSLf1D/1pUkVQASQiKIAKHbGY17tbVmEE5ZftwrAgXxachfr3bIa+aHyaSe3JXQrpvYNM53b1k7oBn36lGmWPZ/zohIr+Ro80pldy2hq7D+7orfn2TzoiTzjFqkYcVlzMr7FWpajb29JAOSdqjSFj4nfgaDXqgD0L3XDJ7QW0UfFDVepKqHv6IECOc8qSNdadqGeZ7bcReOz5z8dgEqkb8/UbbD3KZw2Eqo8hOjHtCKAmBzEQU7I7xdzcYbb15TLN/IRaR2JRTIsjS1qvAo5Ve5nuE/PFkeSmNXc/LDNBG1pQqRvsdBcO60dVjA5yjnTFtS06vczzlQIXsJVaUmGcytVwEwMRKisxpVEp/Mtgc4NPFP6lsP8R0VxlQVNperJpsDVGf+lvYliq6zAypDkcAwYyidoOEfiJ8Xdr6f+o5e+VBo8tDWc3mzl0R8/Q6n9WjIC71nOxOAN1tIyAZnFJOYwMIf/43zGLUrzX16b82eho7TOsPEPoSPPv6zvVt6pWtQj/+T+13NWWAenyIuTHKUI2mo0IKAR/TN4CZq51xVTZpYb0W2kw6qR9pOgXK+DNS+QUYqGkFZ+J+ai981mf+PshFJc9/zS+MYlV6QKfijwVbhV7v2pjt8wHQpvVO80LedOEKmWG+5FzNs5SUiopb2Z+L/iNoCNTf+6lHdKX5lLDBMS3t4zallkQIX386iPtvvs7MoR4bWZGN3Ma4Mm0LznAFxg0PZpu7LgCYmu1qKKrm5+UP3l77xLHoQejdAG06YHic9AW0T87IqTrRZI51FhJae9yVrF7RrEJtNfZTmTc+KQuHJ8rTEqvGnh9DYx1XyI+iT4NiDFvAYgMzdMVQVGwif+uiW0TzH9U4VdauE7EHjv/YiGRebug2pd5OGCL7LrBPnx/T26qxYYERR9ojm1uoCzJi+WHoakdYHOvcW4SWM0nYJHYcWJrLPtYCX2MxgTkY2/aLl9YLu12bpfJPf0I/Ks4jKCSUV+dNwh+9YPSY6TJWsMIm8PGYtkWnYuZQiN5T0W1DWeoUwl59l3IhBBFRw4gngYRPCRRcX1Uu+jm6gYfURSo6eSRRXqnxYPsVyqTw+4q1TZOSZdch0wxtcL6OY/wKpOQETa5wFrGDQ9QYE1Ttb9AyXVDZxiIaAbgBNAffDTVJHbrRl6gDMfYK9V5WgND06TMr0Up+UgnL5m/z/rmAzzCzafjN4GNoOYJtq6tU0rZF7VaYoA1NDu7jyuOm0qKs4jRLkKKh7EhkUHHg1oD5AL5x+85tnv5bTyUQvRTTV4UKaaLqTun9Y2/1qnmIBBGZ7BUS6R4tJgMXXisuLz2NFRbVtT9k6uU29BfWYR5eKGbioPU+xWrIBgJn8jEcYV2qvzNhtb7DoSARWBUqf3iHSlbK7IXguXS4Ec13vDyofNXe6RsijptO4KOtbQAMZ1ZWcN0OFl69cm65l0BOAZ1SJYwfZeSDgIKed3lN0klKd2JnFCmkmazHhuJ5lVsCo1zXL26tn7TVuqoQzHqd6lGtXIBgYxe4gjLuCHDQKzunPBW/u4kXHe/XRajxV+YH5ABKkTljT/RPxsNjB0JiYKuRDQ9GT1Gojt/WhVA3peIzliuslitqCfad5+PaJhfq/5ADQkBLZO2sf5KdnHndG96eEDQsTLB/L2BHrldP5g2Qjd+hdIo7ytHAHnGG5fSbyNuBGJDqRp06lZ/f5zbBblufh3vhEDnUCsX0oOgzh4dSmI+91g57qsJfIreM5+Hn58oYGRv/l6tSreQ/nVi5GvVZd2yvtZxOD0zWu8Yzi/wbwtgelygxuf2OMVNeB2+vQ3p59/nckFXw/UKezwNWWSy+FDtECIxvkiRwlPyJbICABrVGnejVSVNCuNNH6S5K3I+SOWm2MUCvjEY0Wn/3zgMdEV6t2PxLAB5w7pr/uawQMXwA2k4S8esJjdhckgIlVKcWaWz1943sgHQb8M69XtzCjyVRp7JQx6FGaDJCinG0qUf6CfZSgaOUtgKLXXO0zTF/YsE2KqERu4XZGKb9uzAJwuxCfUFvylruHd+04qmqYR+dBahlkVj9AdFoPgkFvU5uAfiKe/qsUmfGO4BIiI1Gs9eFyayUgIPMHNtw1xaJqdRWiRfMnktfCBdjU2eesv85G4zqLw+C9pFHvGU4qZY0jOODGN5OTSWpQl1jBjWFeSjJQ2oUZ28y4jAV0iCJAq5uH6jYDn44D8gSd+X3A08FvpEwLDnaYxa3ytspWtHabR8NHsXd2jssarIdKLy7/dAQF4IxOsPlxYJxjZPAf074oMUu+v+QGxmqWB0EkqfgMz2WlqmlzgRidbEZ3AkMgPe1d6CroDX/BMdMQ5MD9kyNoXka5+F0SYm0Fx31h7uqckKw2QVCUpjTPpSodRq72Nvi4DG5ZCY2iSx0idoLkSD6SHGeYM55LR5JH5Peqtk81vlyJfzRqIFMkAG85zoid0OBs7d7l+VeIB18l7nTdTrpOYubwX+T3muQPVV1B8EHoGOsuihpdEnN/eQC5MJfPHQKmhE6T0N7UlN4smND+OCk/B7VA93dtv4EBYXidqQ4QMM1ae3rrpqTRERoiqx3hbp4AtRYCbQ785I80ZI+KMIt3hv1ELVHQP0FpKkCtzrAeVJvnOxFk0pFyIKTu4KGkHYOBiHdEsHWqlwrDzB3b7UCay6arc9ifrrkgRQInYegM0Etxe12N4GU+Uj/9gdL0f8AyLZn/xaO7x1RanhbcDcj+nQx4snEiSC8foZACaqgzuuHroXFD/rMB9K6RRpGccBcKhIxb6q19ZVsN7JV5r1IxG+DBcVTCu/PBI7s7iqEO5KBJehLvezNct8nRRSyqJA/gzCSMG+PhTMdIjiaQnEtZaUj+WfFHIqTLhYhl90RvpOrktw3x4IcAvD3tHeZ5Q5eQHo7tAYNfMZCSGhuWk+DSOx1C/yXbwJiK4X2CDtt32aC9kX6Y7N6udyLzLxyQNL1ovd1hRzAck2x46GTmIusQgSf1ekaQJxR/wOIKxeV0NojQqAY+nppXfkad0RQwwNQ1TGcLvTY6wl3spE9tjmTFH3p52gV9D+2hEGjQyI4tOIvZLwYgEfPCmvClB15uGMfDMArQ3hIyXoxrz6qhbNCtrOaPnoKDTksdBn6YFdYvU5gksoitPDqYO44owqY4VrlLkMsK97whv4K3CqGdn+gsfUxAuM7+NBis5MRbk1rBCPe8fUT94Pq9N1D4IBsAyYtw9cSdHHayYJTtKeZP3XDyL1X7reDWMy947WjHGtLZjCPR0y9zrqOtik+JJaC5YdS7QSFJIL8Akb9OuQV4l3PuiXC5Ohek0HuCdSgTE1QyCS79dkUJSl660Oi1+o6MhDjvqHOkVEUUkbJVbWOkWLKB9xfwqyKo377S/e1Z7wtiYAcL9akDejM09q64MeDLwJokC52QeEpbLJEbm9XxtCkSwZrGjjpbuMiW/V+XDOXKgBl0XGMkcANOvb2ZYJcCozWY2Gyb0fWWR85SgocvXGzCHVv4GJfGPgQiJlIXdK9r5BTvxMDjpJ5bKANTtWXwyVi1PRFGiAK6OIisPlEqclmh0cuw2cC54F/xRA8WtSYd2gjNV5VhoUv0liobozWhcquZNTWHThDAWh1VQ0nPeOe1C0rabFXYkQuEPWAlf86bwm+V36vz9c/er2/aNBLz5AatZuGrf5Y2BXbdxduQ7yLJe5VPHIJgJglzsrf2Sm4APdcf4TSAUZR3c7xx1SW91MvOnaVSVFyx8+spKN3zaUFcVF1nbbE0HukvPRoVh3f+kA+IA+aVLRX/d9JZO6P0Gr4kERoZaX+yt1+UBLjKpmsN/hmN3nglyy0Aa7qOnvn0QQkaWpneNb7oZaQo4Scrty/2xezN9qLPWPrzk0fVNKptatQMve8FQv9zdBoYxp+XltSJeG69AmcFyLKyDP5tuB1+VSPWaejWF1DISEyZEPfDls2+UFHgTSpNdXaZZI+RyrcUHhBp3P057nv5aCwlo1pYM648E6vYc76FjAxtkowRJruRO/db3aOyGdUnB70tuJgab24zLthEVPn92VI7PfMIXtfChCetHmPSCK6Lm54RsM3INg/FQ4PbwtAt8UMUoTJzlAaEwY+8yfkwEawat8su2G0sEguDrzljksGJRRU5bZ2uLdCAIdh1uxxBIMJWwk2HBumC6hhBqz7Hge5VpH5BDGOuY1uyM3FzqR0S2nvkIt6rm6U/fQxmh3LqP6QxpsFpHTl76vB46ne63fZKfoXkbIi7cBf/d3otFKsLrw==', '5BQLa4Wz/9tSV1TFR3jQkU1F8Jv9TTLh/78hdAupauv9zUiJdXWU7VwI4oObBJiy7TlZClR/pXMp9SILBtRh2ybxojrEYqxWzqcs8DgEpGqheodIf/LCe1lV7UocX1owUA1ZRebkWvWF4aYZao3ZqIuBEUgSwNwJLIOOCVQa00Uvk/Vuc+SNy3r2JVKS09RoMIdr4KIUmTkIWBNGnj44BQ=='),
(88, 'f8de3fb7be6596bad4954b4c212c3b52', 'bXIFgy2ju8SzpkSh4XH8mTMFuNtJhWU5raj5iVriXxIWQWoP5p4fL4OtdLA9MTfVGe1uhDc1BBysluD/VrKNtK/L8Tclt0Whu8f0BtEMwNQnuWzVDQWsVqzE2DFvatH2jVGximWsV5P4Pib5Z6zG+dzo9uL2/LDPIETF/eGf0FUMpH6FP7vpDZ7MTeXRcv2Rww5HgIRBsOtfMpJ0MP9ejmhgtyJiVtJRBBZ+TbVn4PfShMmzakR3B9bUvJiDcwbaGGOYczMOhB9LzXqaqLVNCLYDIQ5vizWna1uqtWogL3HVQlJGOxe2wJ7IeXC8PCgCDqm8xyODNu/jUYJXpJL32QxmfR1Ug59nUKnYehox62YKrh1XlA7gIpP9XASvEv8fIzIRXQQuEQ9+AhEo2r9KUPzMtvqjNv+GOlSKpRFc/oD6tRJlebW+KxxARItqidUIuLKHgaX8ZQIRZf19Gh5vz+kbEbIoxvTN5s6t3EdNAAQmiQDX5wJ8iv6RMbM95CtCRskXkLgeEvuKUnPSrpTvC9UMLOSC+dHDA6RTYDJWeWtCYNvRVYyTKxgtkJbCxsiKfbVLcHi2ykGsR48upIoXBwq2cRZ+l4SZtlyDmHg6mGhadeNKFmvlzNPNTp0TxmWCTwUu8iGY1Hjxhk3IMTv76KIvlZNz9V2Ghr+FQAR0+GxW27GdyxpN7NN2yUD9ULxbeA4by9t10b4jJyd7xUJEluosOAkJCd/QARuuNysM2Ww9YjsHw6klI9ZLY2RPf7TfZTvzBRR4a0ZPJOlrhf+gvYGzP6JfVu6FT3qZmRYu2VIDzV4puPKUGoRySF1cCvrnanXCW9wVONgRhbsIYGJ3ue0w6IIsOVLSA6FTkLbyNljoHwnAcMpHsMf7+BLSzwKto7Ax7Qq4Thp611E29p+ZURtQvDnG5YSdTp+8tiO+lZFMA8yMZIMM76rEjQi/YVH/NyoXWWTQL6o5gynaa2mzKKVFGn3FcCz6eG8vyiHpzIBu7u1QTDtGhIWC4DBKo5Pi', 'NnEoSz/nszzNqF49zJabSkqIDXk5jt1jPoJsGzSLf1DqDNzJCzc7Vz/lvrxrNQqYdszLUK+/tVSHmFUOjEzm4qUPOVNgsajpqMv9NPPKzh8FUa52rFdQjQ91JofW+yw8GwYbL5EvXoCMp5uUqDL8eYuY9yIS6EHTFJ6fUpjfxmJoL7WTZ3YYCiOnofBYI28tlr/MU8EouuSDs6Bc8UWJpmuIiLYIPrOSYR6P6aeCaGphhAFZAiKb+v8jf6se2Tm9IdwwuyaRgLoN/fb3/Xa+jKWn2ZMjwozC5Z0DDa9M2p4SideSNy0SNU9Dbb4fEA5dgCNbPqxYPo8GhDNvRRYuZ4uzfYbMjhivm9thHBGwCYpyla1e5g54TTlHEkOVAReixim6Fxoacqwy4Qxf1fK4w8QVpTlzP1dY/nQmx6QoGty/DlgyEtmzaCGc+Wp5YPTy1YWDxDkl5DSXdSJBeaCC2Zzo7SpRLOJEY+rSseBLZ1Xff2PIm4H6s4zpOlXB5nBCQqNF/Hh4S+Mfl0Zg5dbIDymlILz4Af1xCbuqOWbQ9WMG/ZqSHgLNQ4VJrUz4dxe/v2xpnlF1XAeKIWUvbUblnpmZgWCW+SbfS3DpyjrGT6Ur6ic3rMdkvAPQxLVrzO19qeW/8YpF438DrX5034IMvDv/EgpWcggmv03O2I/XmY5D9RSAzBQEtuwCX84DhoqDcaciPpcnPp0UAQ+4F0u3UhGqrGyerhY+Prr7O9B4/E3a3c1jzUvNc93RA3lhLAn/Lms/HYOAZZAjrkxwdD4EojwxSnQtqGta/cA6yvdNsf0uMLibrMvxGVAIfnTb59TI7DBD7IL2gY0IzS2GRlhGLUPQatEkzFZUFK2f/iesd/hL4F85Fo0n+4v6ok0os4Pn4hIyjlyl8QfhqpSH+2kNOxcsRnCGu32IV4E2ikx7UebDXdROLy9eaPbe2GfFw1mt+b2n0th05Lk8kXik0lS8mE8dz7G0f0gi6uiiHC9y5Fwx3q/I8dYpx2N6Hz2vixvqb1q1tQMlusKFWhTiABhYJau+HQBFpWObAZTLlgL8BhGHsgK3SrdDrlQebDTyhA6gR0YzzZFv0viOZzriYEzYQ9hx2UzGnbY80dHvDiKlZSMQ0Zr3tlkEZMgGWLO4jwxbYFKvjnCVEB/ftdFFEkWukw7Ilzsm5QhEUQg4iul1tTBIW8vXGKVW8BRuid6dEdTIbYV4bqyUfwJTg3/qDzwA2xPglNg8R233nrACEimIQiCRYc6Sgu/ptMnqDtvysFrj087MhnYSQAkAGPdKWSLybuBVtgxIK0m7ygz5FYaKlNP7fRRmyAJ2kxP/veo29sK0iwnGlbsIlEpOMyhCk1OSXJ8fCU0L4KHUQ58F41ZGm486/M3QQ2O4RxyCECaeXQIIKbtJiqlD9Bc+OGXZH4RrWHPyEy4hTmbQJbYjN+0VdFgurlDe41CxhY/362oblCSju3iKWdkDuBQNpfdx1GfphODWnxNM3mmxYUDaNg5PVtVz0j5upTQQ9P5jzVWubGCCBBViOfTdDAxvmYK8aEpVy8xZKjmGG226diLWX9RnhLbH3pTrInXeyPH/kq/JRD9BOMfDzEAVhvnT8X+Myl9lazrRd4Xa3IeQn3aUx73m9RAmF+8uy8yfLdSfjCl1h3uyJQQPDY2vWyErYvgWRnINXE7OP3ym+a0CjbjyZy5XqzOFYi8+75EgD26zrH2EJYXqLnN/ft4FGSjvZkHdN1hyIhmiluSqCWdb72SxecLxntuLbzamdIDQEqDpLJ76x/taAidDeJt7nc9sNIwZs0zXVr0gNSR6JcCiH/kjyDY1lhmiHIEuyacR9CbI2nqF0gt5v3ZclNrG170BtiiDRQIfDn6hGh2/1rkvDu51dLVGVX1nm6Q3E+m0jxyT1e8raUWAU+4sLhzvB58fQwed9EgCf8OtYoQOsR2hSLjRN2lkA0DDwgfFFeQT0WtDxtX526oO4DPjUxau2+8ttEhX1jn1/3VjmH+zLuMY9zZEI/yQWBcMV+8T7GYCnBYZcEHelR2HQACnMSnGjhSqVqSRBtl5hO/5FFfMrWOUn3vkga3jwW391k/k0rCAnWGkbq9CgMpL8T/mLpM3oow+MVukkXQKBB5peGgOTVIkZ+jreezCvYBlGaPXwGArYjvL7TY9kMHflmTo0wvq9O77GBolWzg57/raUwGL1FGaQIAcPKl/B1FwqzF88BtSmI8oFby/XSAHVdaLDgRwLhMHgXRcy1wLnUi5vPdj1kVnaDSPr/9rqTF8tMY7s0vgN7t7iRKLNirQ8DEImdsYKjZKtQ2gZCjTLCt+G4ge3gsId50RjN2b/UZdJaZKVPfGWlR48TKwm4Ic7Ain5SFsV6NyHv/deISf538ZtzZIBnQz/nu/1WEId/NXXF1nYHRq+sjspotD8O+I4++ehy8FuThk4ofCfeulHyex4/BmVz+bWaj3dDU8rTTanqJepkUA5S5tEY0w8T9j799OA5oDCgCbUkLH4NKMIIlIiCEpeTLal4m+6BjmMD1s5ESePtrnPevBdpZoGJ7gSHZ8pyZqRORj1hsIcHradMiM1zWzuzeQR6LCRm4QUgWZQCDlb67039gtQowQi48y6Z8dPcCv9T+XG/VV7WXt+FoDBDTuB4I4hZEwhsMbGtxoweTh6RyeJ+LJzYywHWaCPML7LVE9diHYeLk4SBkMTrE59nzzPKJqMv/+8nIacq5Pju0NekCo8XsQt2ShX2Asf5M0WDR4kxy6gaJBUBlN/4TFELZWjId3fBLquhiYb6xN7TBFKtLsPT4R1AOEwXmD0HCnw5ovpB0X4Y6aRMkvq98jlYEgC3ztzuHJfmwleFtchE1bRwcZrXGHbbWxKAcxEE34z51BdgUmHhEK3U9nh4WdciKyM4qMAznuUdh7V80Tsg6k8snI0ZOuUvmAyMvMyEtsBm/ve7IjtDfxWbJr+5yE8HqLyPX1H921T+LRJEIhd1+/fTzdhMeXRPMEoLqeI/F8po1eF1/7YDaoK8DmyyFXR+Wu/iEwh3a4hW3YQXHyBob/ryxt2aqfkIVMv9WhixxB9rljaEn3STYfOHmThIXRJGb0N1/MqVXes+hsvRC9AEYJUB7neiqoIhR3eiOWlcFPUvVgSEY6YChsW8gEI7n6H3fM/daYI0NVLAMITcRN1UPcIS/FSBZlHVhHMAnSvN8NZnRlAlBTWbbRUE8Nc51CsB3H1Ms8IxFv1+LeGUrHtDeaQkaR4ANwffAHKFwKWkgbUHhwdF7btTAoSi5/3ANQoan4pHzKIvL4HsefEN2OUQle7/ABlIOszREKu/+YKBDuvEFPYxOR1zFYAw9tA6A0rwC6GCVop7eCadzvtfLdEwX98kOZhZG/IBMpTa6S80hHMaQzXv932nYDnegxaWgFTcsm+bfA1Ij4Rfro1gsCTP9I4kVVOR0eYfS7Z+ZX1wI42zr27D+DDqCaw6xYkdmcXMqJpqmVpscnvB5s8PPVi8VCrQb3B/nZwJrjeveZgIZNqXuQuWNroV4uyIItN1RlFtON3KoA5gXR8PSVeW3m60KnS4xcOCf2iyc+TLgzOqxlnYIhiw8TpDyRcstBUjBaTKnCxhb3irRdwmmhhGILDRy6ggRHW+O8X9GvPS9fzxEHqK2WbhAV8oNYpOwbK97LH3ofRAuitxFPe/IQ3Jy80bLI31sCDUZFiMXZGuMFgk4hfg3LyLbrQ/ZGFGaWYTx5kDNBLftbO1UCiz7h78Ju+8fPOaLO4dJ5TZUE160Rmyb1HAerhD2q6tPmJsIAtfc3l3a9RlUyXYqqocUgomjv+J3hG6VEdNJJsPUdLV9C5TpkXHw1suikHvubzWqS1DlLUoBfpmhFpEcC41pK1BuJh4/Yci42ZHsChl/GslMUjGaN8508eU0x17ggS7qM+o+lN3PZqKiwBWvmRCrTZtBHs/EOaoB+aqyvwR66/2tovAprJ/9zSC7w5TL6gnF15oeWBootSHJX8BV2vpg71KlRTighIhOg8VjoTnt6apD195cAbT3iHPTWOUdGNpZFYxNbrEKx0HbfRZjYACXuW3tCbQ7tuF7+9rtebkW8q4vz6L9IKFJtOOPrdTZfa/bU46MG8WGReL1Di4fx2cV1rinS9qfrkIj8yABONHT/2H34/mvp36Dz9wAIppNpJX029DEsqUb/jE5eDLn8KFsJ6kr+ZJei5eEMNsfiMOSKoAUEJF2GkNkVYkg8RvE1yFEeqqtUJhLQ4y3EEgVdHRCONe7kKbnAk/HnLZDx0CpPigTe48tPzQah3HvNldZX45teYw==', 'AZztuktCTRXhxC6SEDa8rU/tb7om1qkQGKs6M3GygPlQVFmmcd06NKQyO8tv7yqr09E9thiJjyalyEWmlMWlTYQyVgQRc8XkblY0t8UXbllYxt95DR3xIjHFdUOgLEeYqpyFyAbHclX1dsf1ATzuDWGMZM64nU9nnAMmETAQrw0jj0MXamhKt8lcWyYJg5NbKN0WyzknJAL+hq791geVOA==');

-- --------------------------------------------------------

--
-- Struttura della tabella `Conversation`
--

CREATE TABLE IF NOT EXISTS `Conversation` (
`id_conversation` int(11) NOT NULL,
  `created_at` timestamp NOT NULL DEFAULT CURRENT_TIMESTAMP,
  `user_1` int(11) NOT NULL,
  `user_2` int(11) NOT NULL,
  `name_conversation` text
) ENGINE=InnoDB AUTO_INCREMENT=19 DEFAULT CHARSET=latin1;

--
-- Dump dei dati per la tabella `Conversation`
--

INSERT INTO `Conversation` (`id_conversation`, `created_at`, `user_1`, `user_2`, `name_conversation`) VALUES
(11, '2016-09-20 09:44:30', 76, 77, NULL),
(12, '2016-09-29 17:36:24', 77, 79, NULL),
(13, '2016-10-03 20:04:27', 80, 77, NULL),
(14, '2016-10-04 18:52:28', 81, 77, NULL),
(15, '2016-10-04 19:19:02', 81, 79, NULL),
(16, '2016-10-05 07:52:03', 82, 77, NULL),
(17, '2016-10-05 07:53:01', 82, 76, NULL),
(18, '2017-04-21 14:24:04', 79, 80, NULL);

-- --------------------------------------------------------

--
-- Struttura della tabella `Have`
--

CREATE TABLE IF NOT EXISTS `Have` (
  `id_user` int(11) NOT NULL,
  `id_conversation` int(11) NOT NULL
) ENGINE=InnoDB DEFAULT CHARSET=latin1;

--
-- Dump dei dati per la tabella `Have`
--

INSERT INTO `Have` (`id_user`, `id_conversation`) VALUES
(76, 11),
(76, 17),
(77, 11),
(77, 12),
(77, 13),
(77, 14),
(77, 16),
(79, 12),
(79, 15),
(79, 18),
(80, 13),
(80, 18),
(81, 14),
(81, 15),
(82, 16),
(82, 17);

-- --------------------------------------------------------

--
-- Struttura della tabella `Image`
--

CREATE TABLE IF NOT EXISTS `Image` (
`id_image` int(11) NOT NULL,
  `id_user` int(11) NOT NULL,
  `url` text NOT NULL
) ENGINE=InnoDB AUTO_INCREMENT=27 DEFAULT CHARSET=latin1;

--
-- Dump dei dati per la tabella `Image`
--

INSERT INTO `Image` (`id_image`, `id_user`, `url`) VALUES
(19, 76, 'uploadedimages/76.jpg'),
(20, 77, 'uploadedimages/77.jpg'),
(22, 79, 'uploadedimages/79.jpg'),
(23, 80, 'uploadedimages/80.jpg'),
(24, 81, 'uploadedimages/81.jpg'),
(25, 82, 'uploadedimages/82.jpg'),
(26, 83, 'uploadedimages/83.jpg');

-- --------------------------------------------------------

--
-- Struttura della tabella `Message`
--

CREATE TABLE IF NOT EXISTS `Message` (
`id_message` int(11) NOT NULL,
  `text` text NOT NULL,
  `id_user` int(11) NOT NULL,
  `id_conversation` int(11) NOT NULL,
  `is_image` varchar(10) NOT NULL DEFAULT '0',
  `createt_at` timestamp NOT NULL DEFAULT CURRENT_TIMESTAMP
) ENGINE=InnoDB AUTO_INCREMENT=309 DEFAULT CHARSET=latin1;

--
-- Dump dei dati per la tabella `Message`
--

INSERT INTO `Message` (`id_message`, `text`, `id_user`, `id_conversation`, `is_image`, `createt_at`) VALUES
(196, 'imageMessage/196.jpg', 77, 11, '1', '2016-09-23 09:07:30'),
(197, 'imageMessage/197.jpg', 77, 11, '1', '2016-09-23 09:08:00'),
(198, 'imageMessage/198.jpg', 76, 11, '1', '2016-09-23 09:08:59'),
(199, 'qXHz12/Ytt55diIiNblJn3O88K8KFxlgOUPNjRjyEwGNkWVEplwAzF+av4F7dHf9mSSOFFGoYamD\nfAfXT7Ii8BdTdMNJxqIeN3/zC6RNcNrnVcxrTy9K8XqYLFXwpzuGl/p9Mu0zeksVygLNx30YNoql\ngKdrPJ2P0U+2TpCo61k765e31oIsrDu+7yCUl/6MxIrNMcom5of0uiWKP+4OsvNE140kP95nXr8L\nTfMv1XVLSnazf7pNqXFAQ8jRjoxxoi2qEpDtS9PsBkNwWWmM/hS5b8H1J9xCVeb6vxQoTrNrn1ef\n94sd9WEiiK8tb2gwYOyA5p1xSRFaR/GA35SzuTLqBDq8Y6/KsTu2zhEpm86dXkfeneETYCD8KZVT\nzSE2JVlWqSxf7hFp/VsRmLxXISab7A95RsZaLl5E3f5YnbHM6rfQqWDJF/jPRzl8Xt4HLBjbuT0B\nvA0FXj6VToYxn2WwHunac7sT7r8QPuc8JZGTCRE2SPVN/jM2UXc3XuK7dFI78tP04V8Oo6yoc+75\n7ApOx9yh9sk4HfDQ9V1F6C4xG674EpIuV4a9+1oEx/jCBPUjmkpVbPZkxQs8K/XVfMBO4O9M0uzV\n0MGs0V1ef6vsaiBybmgL5hyhneQ7b8VLZNQNETirqtAEGLLVqYYcc2iC1ZPApkH+uTo7aIVYKGY=\n', 76, 11, '0', '2016-09-29 12:05:03'),
(200, 'An9On6LxsWo1f7Z570RXDn0YmWZbA/qObj9C9M0do9xyD3A5IKa4Pyy5JvasWIzBraqI4rAjSXoC\nctc/OnNCU2Kbxs/HvLdqyWB86ZR3IIEG0IKOtGqB5JN+HFKKpUwABL4rC112e8yEeHZhnXPfISQ/\ne4hskSoloJVfDIS3NuSNQLrnNyHL5n6mtBgozq6m2gdZlZUuc/tlu/SuPCQRhbzT0LKHI+Nuhut8\nPTCriX8Ts1qsH8dVpu75XwXwjWVyxY67NoukjOY6Zhenly4CHyGaoEtl/tsRhBAB7FM+Ns/kdhFe\nSQf2WYGvqBs8VmplK9Y1BvtnH8erVdS7Q4T6c/9v/70L8j39MlpRBk+pOY8SsrKwLvAaw1qRbtZf\ns4UuSPh6jZV5wz9yPOynkzvjg/PZcgOThiBg+h/TLkmWsgoS8pV6ewAU6hEl55pN5y4aKPnP753j\n1y4B+924vqmdzOTDw6bVQk6hWbBOBpQTeCw5ed/0VN8yn7Cso3PfN2n7ugbxTZJSCASd92UD6Iru\nXFdygtqW3e2LDG6LFXPERQXz6waj0a3vlIOiorbGeHcVE50AtQSImbIgpT1LRZP8ieqidrX6JJWb\nk91oK8qmL51S4oVPn8nc5Jsybyv61t68Zu5/sxouIPPtFiqFTRCJTE23S5hJixIFd/yCVIYX45s=\n', 77, 11, '0', '2016-09-29 16:08:28'),
(201, 'BsCzIRl3NFkEEDXeB6I71G5z6i961ZDnQ3cIsXXac71sYPLWmqGHKAKPn3ajsot9i7AcxvZZATAb\n/k3iLXTDPVnhD50F81+KCWnaUywe684LDfZ0SlThvmtYyO0C+Yr0SNSzT/ECVdVUSw8BG605XlUA\nV/kzu8c5X3SndJ2jvT3iluHR0GJEVmssaavFKHGHSlg84MthJ3PVBl/gnB3GWfEzoVnvUqU0vkri\nL/O2dkzLiAws0EUA1vL5OuSRkbmscpG0vDeAD9FKB1oESsKK89MAer/XdBRPnLuxzItuv8JkX36F\nZbVFfvr6mxFHuU5IW4HdPKq7v4EFlRNaNFKfuW9Qy+4HssQKHHgTfk3ssgWWq+8AZ6+VoLGek8L2\n5f7lBzQue8Dz4lHXyjvfOfnS0QFgJ474b1dDIw0uCBwrM5Yl6to9MOQf9rv0KqNTCT+u9kGqTpT/\nbc1A8jFrXH8a8LosPRLUvoGiDPfSMaB1x8dFCJkgZmtpQE/qSD3cNBSOwzXy/d8jJA4cxM5jwijr\nGfExbrRHLT+N0/FzNZ9XDDxtI0JmWNBElhuTaffcDPYawoPTuxZJ/jg/W3kRectmbTVBiMCl1zKv\nsxRw/6Z2AoWScwfR57Q31UnEUYP9QLddindqp67tEPf+4VmgDgjJOGnb2ku/HntFUDTA/NTk9vs=\n', 76, 11, '0', '2016-09-29 16:13:26'),
(202, 'vDSX8usQjv371CYJfc2QSOd/zj70Rm3G+l3LBdH+Vjet+DRagendZqYKnAUBkEnGyKueRjIUmsf3\nWpKCkRMUJof1+EPl4U//WXsxpK9rW2bZscUexRJMfkmr5JAWIRfljxUeGuU+Fz2P5arAQxhWgt5f\nA5RuxK/qVbGjUr5Fsm9pj1FyirgnlRjSJ0sEOxEunuM2UoCbN4kdSzGghMBcvFLG3y5KXKerisGK\nFPUdT6MVOBrcnlE7b9k8A4GgNjbLW8B3goHtZI5yJb2DgZCT8UryMKiCIXBxTCn8RaIln6sXwwKr\nfcccsl8c8+GAzqU/qSyF/TCBIk500WUZqSkMXqFvE50PFhRvJIpXoXR+8SIf1eKKPeaEgERvJWdM\nriQ8j9sWqJJYMxiT+xENxuzwsnqz8hFNT0xO9DHZdKFmu1oXdjdBWUJ+8SsefglB7IbP5qLDrOEg\n2KhFVHDSUTOtNBjIRwKmLjke7GtIWogUqFizO/m2nDy+LnjMqEBTkhSAnTvcw7W0OCWIgKbcCNgv\njKBiaaTUq7LW1tgS7jZo/QfHQkjUJkC3A8/hX/gXJSNBuhokOY8C2XSMEutA8GcVkEehZESr65nW\nS9xLIh4ysHlTmhuhTXm+Ws9N/KRb3SH87LBhvvQWdAaemmL7j22ttH+4LzlYHj82YFAUE0Os+wA=\n', 76, 11, '0', '2016-09-29 16:13:33'),
(203, 'imageMessage/203.png', 76, 11, '1', '2016-09-29 16:14:14'),
(204, 'imageMessage/204.png', 76, 11, '1', '2016-09-29 16:14:23'),
(205, 'FCeco8Wqi63GvMbtWFwRvrEbawzINRSAT46TQXzpTMSMHSnCmF5DCl6u+QUe6BU5UY+5yZI5C7FQ\noEJbG2B/+IyisaQkd1uLFZFPCZbKUtL89CeHyZ+XdOOjc1/8JpZipfYDfvBY3QHfZo6harzeAceH\n/aqLTzn82qf4W6H/bDBgjX49u4rROOJ6ZMtnF00kKd9AUzklOB11co7AYOu+lQVdZv3GbZSV6iG9\nZSMBdlp+vruZ/KxMnNTM3pglcmXWxluu5QS4NalYgx3G6UV+sh75R3jcn2LPIHCwxAOtzC7rDvHj\ng+hgwUSjBvbcHwgM0H43ZnU6Ku+lh//H2EkAsR46ND5Lemi+ghIqeLKgCCcNZgVb5N7ffrXEHunz\nB9qACh1o5EYUCFZY+HEgN74Vke2Qd50cPSsjGzAcQQLGWIM5sbfYkK8n3s5kMIsbcBcy6TpAkkAa\nr/Bi8Y0YnZPyXbl+Qkm/93jMmVltB1vvhuGodoYu5fET01e51yzBQiD5RGxaVd10c+p7UrCc23Jg\nBuvZMeSLG4aqLfwG+wrCj/i8yQ8aJOUHx+6P7/HsOiqIvmO4GM+wXHVw3I/XwiMCRw1pwWxLf7P+\nMd+5nzI97kII+yOSp9I5XuxFhVJz+bC8m4gqsZh+no+DT2LcfjsNGvbdFlfD+o9iPDxK2zWyIak=\n', 76, 11, '0', '2016-09-29 16:15:00'),
(206, 'ahDgeIfWVQ0EFzUQLVBydscDQdx4naLe0ew78jfqwdfrsI7kSrd6aEQmJ3kt8GltXFpG8t3oiT7A\nk4XwTB6tVkhyOFuLbnJCLU+uFP6C5GxBKKQbJ4n6+ZSspdUD24Rr7gauqB6G8Hn0K+LmfcGw+3K5\nh/li54Uqs5jDV6KkzN08MVzO0uemdlUa566xaNKLKEVp3fiMORr82nnPQ6q14wmbozlIrSI9JUOc\npIt0ijOOwL+bQ/dFe9ihmJlkuUSHq9rLqeykT7ve9w+VgoptZhZaB7oN1EDnOK8zuehwuIJ5ko4C\na/5G3mXNqWH51r7Mr151m+Hr/RkX3h5datauJYep7kc/G3ghFLk0bpYXWR8+qCQIbkDlBAPFvItI\nntWRhxylZ9vXaRFAjU3r7Fx4yDCfXpojpeJIuDIKJ9xgC2hhuNSm1IMW3ToLrWrK/yIx1KBNTpGZ\nP/Z6iSSZ5j5mnS2L0hUM/+b7POgmbbII3k+h//lG8LOqcdQe29zqAoSRspMD3oxoxa0BjH8GIgOj\nfo0Z2y7+j0Gl12q9Yv/JKBtfW3CD5kVAyB+nZIPcReyo4eOsEbR4dzFVaQ2HBkPrwRWf9nhSaXvd\na8xiU4m0AKjEJpyX3CNi4CdwGZanUdCti1uDIE2PFVdNeDHUaUD9aKQqmgpWGHQdHWbaKp3Bsps=\n', 76, 11, '0', '2016-09-29 16:15:38'),
(207, 'Oc97F7+ifNcN/KQ9SPJomnI3eCdz5I0Wf8sQnvxEHGKYIKyQ6cuLQ+NHCB4L7uIJvMJdP0NPtlCx\nw1hpVvMUHjZDLxKQH++XAJBkwFpicgBnufrogk8zEf74tZycOW9zedLS4J+hkayoeEQu33sdmJ/O\nASuDoo1wlQ7tcQBLn5I/SDOkEiJQpU4SLl7z8g02NU63W0WCH1BrmYgAsXg5NyOkJjkdeFqCLvH7\nbOrvJ6JwRDc6Ff+FwzCvdT4btsmFS8hkX8LUrvkIMIz1pC45lefHdtxopnBSCj+V8S8yXANh2SqM\n7rXKFFkURTFNZ9qiDybEad8VEneynIca9sEi7mwjHWCcjhXfB8yCj5BzzKOUHG3EV8Lrl9BQ7Efc\nmBsHm/Olppmai5XslPl8/FNFDrpP9Dno2Fi0/dw5geFFzBzWARbFwBY1g+Q2Asj/yamF+z49ON38\n8GuZ3fFaOQHjzJB6cg8/epc7ilvlgFzJie2sJ3+dioyvNr6O9Lxv47diUkIc3UqHreU1aNaZcvPL\njzZ+UnbUnKvYc5KMLYlvcHtWG7lMwa13/4/vXbOSZJr307lGz6RmoNd4LUC3tIfTpMa/d1biwB7G\nKk1RqGITvfQBd9hvLVfaHeLVBPu9jY7OKxLniIzbXzfnu0sh/N1TBfR/TzfcjP/5tjpjBu0RWi0=\n', 76, 11, '0', '2016-09-29 16:15:55'),
(208, 'AOtoHxjp4KfD4w0GKJ9i7Ssk9vcnHwgDfss6S7YNkXwMbZoumFBwuYlhquxhIZPtHsoZGo8tWiiM\nR/wz5tRU6Et/IXOzKAyQuBGS0zmrSxc3kxrwqYDPPrSrV1bh4n88udMQdgSXx5tx4ybG6mhQ6uW/\nypSejbHmzec0PEpMPKwsMc6sjiiU7wBcIrFGEh+BExBeP80IvLwDKCdlQGtvSWwPSa8uQNSqvgqm\nu6TGgC2h0+V2EiOmTwlXAs6XROTi65nAGPW8EbZJu/p2QnbXS3qrFlODhBLB9PGWU56mYUMYOK/a\nRkpYN4mYHu+luPAcBOt6cArBmehAmbHdOfxt9pkDTC5YK47KpHnjNZ3hxLgGDiLUHMNUBFCCn7LY\ne4EYt/teTj1CK/1m9tMRI15x2lbwUxnU7ZR8fLsM67faEcaTxCZ9w9wqBs/BDXfKKjKS9ZK4n9rk\nLA4h5b0HQLnJvk2I9FbH9C8af09uyNJZSF+waQYIb3dzPTXEcxioYYhEi3abzrKk4R4tyOXMOAJd\nVrRGpWHS3zo9M/N+8zummv4tfynCniWNrjfpKHiChJgHCowX5hhL8Ov8DrnWFZzCscXZZAWVMiI0\ne82l/AKWQaUUXOKhcHz/HlkXqKQtA67HltpOjsjMANq7hbyf4xTXhW1bxyAsuGe9E7HOHCsq9A8=\n', 77, 11, '0', '2016-09-29 16:16:10'),
(209, 'DNVgy53HFmw0ZMCbpl+kgdwm2bZqQRK43vVbOi8yk+B287F424HYcI2bn1ReVlRpURWNRHY6GkfS\nINaNTBsK+HBlV8DxVT0Bsa4K2hLdrpArGWjAOymBRm0BzBDCRaSwbQyhIzjkmyYJLYPLIiOPjaLq\nbiq/cpc3qx6RqQvZ8COS5vjuSS8zPMQUUna1bsK4he39JNrFC8o+z2HkPSEKhUBaCMCsrvKXRxC9\nFuZkDBbw7ops4Zqwjgt2QI/nw5hvOijtlQFNkX2F251Zu1Vk/8xzvUzns8yg5hsK3zjFzOJYBman\nZYXl8ORrq514vr7rgSP/ihjiCi87obdc57R8C6fsmc9c9TuwIrNIDjktmn3EKT9Y7100oj7prP8j\n0RjEkB4TW1kMYACO4BrMi5B6mMQwAgUoBPVcgq5ZwrmeXwUKhX7frIzgeMeKlaKTOO37CtDARqut\nvVLocFDQjdiLFq0ZBjWGhrJr0wh/CW71ePHQt8MduH4njAnCPKpoNqcJSapjtftEkrB0N4uoeya8\nxenjsRvcjaqMPycROY/N+//sEFlvr3VygkRVCSwlMtz+B/Ng1c8IH8RcXEYWeWCdYEWFOnDqkW4B\nC4pqEWyj3Yus9B5UOwXWU3quLv4ng10mMj0madva8mQkxfEk+1FdFqcp8fCt5yfNSBbpK78+oUQ=\n', 76, 11, '0', '2016-09-29 16:16:58'),
(210, 'imageMessage/210.jpg', 77, 11, '1', '2016-09-29 16:17:01'),
(211, 'GgXVIoJKipqAS1YCHyNQQBB7U9Pbtfou7NzBOpUMOagiprMwFKzPLuA5tc13V0kAWYmPOQiBCDyk\nHRG2Dy2E0TxvlfAmfGuoocGEm77RyHIfbRrbIEQRib30GLlvB1jXJzodmkATU8Ty/bXTbZ5vglBk\n34QFsRGH3TV0JTNzXth6XHmWG8Nn1fQAlypbBMLCBKrDOSsm+1/iNc9unV9YZBI76zYf/Ji76Ozs\nDdXS9mwVkTSjDtf1PSm8cpljt+pqu3PBtP0RO6CQrUyCkAk9esftaqrdHRsJcfZYcja637bNcw/D\nkf8cVwkyIO4rWSUiSmhPXKc/XI62uRYmMg+SFHPnugd8t+OmfDgnnZBy9YEuXD+lV12/XUWx5pqP\nLcF7osChBk0gZVH5SXtI5NE4wXd2L6d+rbFaPO8KplrIQwhPmu6JsBMLvf7iksGMk9/gsgXuRyl+\noF5gnFXi2rOMaqC5w+r5EcAJoO6+yd6gAyb1clXpsmkPwudArEuvnMNfevB6WNtpBgOWUyEfuKMC\nyA9LlM/oNSvVhvufDOQKZIpz4of3/L2iUSpDeb1bqlSf2oveKGT5eJ4JDKliE9R8ce7KUJHloEpO\nITlrMZFEnYTDUit6CgBg0q8NhizEUyPnbKbsl/OVwze2GYubrMKKNBEUbl9FeqyDk9aOqLqBe8w=\n', 76, 11, '0', '2016-09-29 16:17:18'),
(212, 'uhF/Im6KM7LqD6ghIqucfNOHrYupZeWK9boeX+R2ICeofXWiCT5bVACTbDf+uOI8ekOe27v5bUMN\nRbPThcCXL20ELJs8XfjaciG7zEi/9QbxSjVy+IBXZqCaNdbBEaubjAS0ydDHJGg/OEhWeyMHuhE4\nZKxE7ZxdNCdvSrAfu/yRwgODmVDdn8emZl86wG+Nr3zLjUuycbZFv74/7qvm/l8+cYiGsepN1IT5\n85kE8KJ6VkuMxpsq3Oc7mSEiEKLkNjdLjToAMeACTicr1hPbUS5nGKJCS/V6uzdKuKNQgeBULFpS\nUDM2I3K5XUGbNr3PxUQkMv86gefJrp2EbdfK23pf7oc/La5yh8Yi3fJ0iG2+SC9eUhRM777tIoEL\nftmdvZao9oHu5SUkOh2Valx4dmfSuqRcVlqr0kEUmBWqut5+Zx2GSLRDyzDJLvwHMeCzogHbKQ8Q\n5/Qs3AmtyEkEY/3VaRX17FrSCJDaA5k6S7UiAlMYdnrgWfJVsG37liPgNFqt4FwRAfSGLJHZAIGP\nL/rovM1YzA73v7RhqMLp4xb3L9FRKYoFm49FVOTJHmxXHRd8scUJHoXZSCYkbWd++NexM72v9zdc\n7273celCyYoQ7O8jg1FiEWTGEsgGWLUHDg9ct7iHuhv85rYqYe2CijV1k5sSMYLwD9+B8uGXfVg=\n', 76, 11, '0', '2016-09-29 16:17:50'),
(213, 'SHUhqEUufgKCdwmtgLYoZtC0UC8BQhGptsqLlqQOsXfTihN6jJWb5FJKOaUB5Szv7SylfsyiV3FT\nI1LWF+/FKTzzKm4mOBlZQnTgV7O5aVFryMb+ezU1Bk48hzthyFjIdphqe2nLN7XF8id/Q3tulK14\nDDXBrTc6aUHHKV65ZrExO873lyIiW0b4KohcwSNdOG4MO2SkW/TvYbEH5444Y27Na4hXBzPiyOtz\n+TOGim454+eiqukoESLW4WPzMyRNn7v9V/+VmyPwlPpbXviaT2PzZrW5FFpfmRwE8O4+dQ4eowdN\no+YH+Ko7xXO7uJ3pEMenzDfB6TN232xWmdT4+bH+swG8LZRS/gcekaU/fUHeYXeuoNH6WZiLrFOp\nsS11fvmGLz3vUTH2MHKm0+JeU/7rccL69nRk9qdpf94PL3oPO37fSkjKHs4QPT1qS4c+ail0GSfM\nbLMouzLFhTGNJKDCRYUjKACuffcWRM2Hzuj/RL7MXujs9+GhUX9j0zByf0SdCqHFh+97Vp/Iwc6U\nBtv+pyJZVv8g75JlGMUUopZ0AFEM6Sos1Ax300E1bbnrZ57fKKtHGxlD3M4kzMcIK/bDTfozU4+N\n1WwFN5bBlBCpcm5l87YDbXNL0KgLnGHbu+l6EIJO1V67hl7/KmrKRTnoZuVpp0Tf/VylurAmXGU=\n', 76, 11, '0', '2016-09-29 16:18:13'),
(214, 'r0Rc/BKU8Mz2D4jBfTQEwe2VccRKz8kB44Iqd+0xHx89iLaWoqaI2Y5LK0tjzN1TEJyRgRnRM//v\nrm3nkhhczlousm1rKmwMZZrhQxxWCVQ2mq3d+aqAozvMKLz10g+UpqQ5SM1j313O3EFiteVd5WvC\nK+TPshrMYPa7BQlc6Hrp0Go+V3vXYkZcwqPS8qLPhpoGC0IkT0b/68II/9vC4PnU0NKh/xC7anDc\n7e3urUkZlz6b+EL8ilKKVhn8uRGT+ZUUuR7HVLWS6MO3BPvkXzD93xq//zmsgOwTWNy82z2iqm2v\nu0kNYJ9o+RlzVoJV7DBLjFF92FDMOq7yxTfjOYVGnzkbAsFSjK+q37K3AeHSQ1vNg8ET4agR8q15\npZMAmC7lTAvowNQOMTTU0dM3999NdzBi0ZzMUS+IKj7/kZbE2gPnqjc84syx0H7QGyQVJAXVCKmF\nR+VKN9XkefsUAS+S50O1zrSt7glM6tKtGfFV6REuAm+49ZSl6DMKVUl4S4G8mfaQQErqxr4pinZt\n+eS5WqBQkFDOfjHdiY08TfjGGBb//bTK+6YbIAsE7pT/TINaVUniDDba9Qsmx2RL20quP8HZ07TV\nc17K5xt1ZILKgpr/GjsrIehw1TbhlqE4mLdvfNUddehg9AhTLrGB8i8LOagb3pnkoI3YR9twXtw=\n', 77, 11, '0', '2016-09-29 16:19:09'),
(215, 'WoES+2vVgIq2Y1URVRtfbupTG7+xoTG8J0qsK4f5ZK5/NK6TJilFI8/4x34kctR6cQ7pabO65Ypc\n5im536mGOG68P/BcX3uIpYheEZYxfXQtIBVrdZH9LagICxzo4XYq9bJVjVGa87H2ltrjehr5TtHe\nbCpsRvBmInhV+zq/ia5sk80RfMyK0AwljXYnQv5Ql8K2BrIWWmmMOR3DVYOWpTLT4puFm19uCjU1\nAKp8c4dbeDiS9nkPS0oswl0hKqoTpROWN2iyRceOqxl53I5ztFm83IZE8V2/3/ucYN8GLKIKrds1\nRspFCg6NhqFO1p1WSdd9FhtthXoe9i/2WbcHMkKNwyyHD9Fh6LUfkMfcUdCYsB/80ywAQPXZf1Hb\nQodMZfeUEFMG4Sd7Dwg98ciPCqBIm5M75nLGN2+TBUbGs7GYOURheFYv6F+FTP8/UKjndjo6k3PM\nFATDa6RERRFYFcddfEA/lEN5cbCjhxApDc/MIFDnEuGRfxi2e/9w1iJBwckpCkKTmdeYappaNY/R\ncr8TmY9slrbcHqhZVYTw+aA+BlSTw7mQcAmNcytXKqONCa8JFrZ4UBTCW/L5sa+OR5KGnTmW5k0J\nD3ASt8y9otiFiFOEOoYzDbzQ6yswg6PUt7245zJchRnzI1YGeKPla6q87U6iyfpBHjmUFu6AZgQ=\n', 76, 11, '0', '2016-09-29 16:21:06'),
(216, 'AAAAAAAAAAAAAAAAAAAAAAAAAAAAAAAAAAAAAAAAAAAAAAAAAAAAAAAAAAAAAAAAAAAAAAAAAAAA\nAAAAAAAAAAAAAAAAAAAAAAAAAAAAAAAAAAAAAAAAAAAAAAAAAAAAAAAAAAAAAAAAAAAAAAAAAAAA\nAAAAAAAAAAAAAAAAAAAAAAAAAAAAAAAAAAAAAAAAAAAAAAAAAAAAAAAAAAAAAAAAAAAAAAAAAAAA\nAAAAAAAAAAAAAAAAAAAAAAAAAAAAAAAAAAAAAAAAAAAAAAAAAAAAAAAAAAAAAAAAAAAAAAAAAAAA\nAAAAAAAAAAAAAAAAAAAAAAAAAAAAAAAAAAAAAAAAAAAAAAAAAAAAAAAAAAAAAAAAAAAAAAAAAAAA\nAAAAAAAAAAAAAAAAAAAAAAAAAAAAAAAAAAAAAAAAAAAAAAAAAAAAAAAAAAAAAAAAAAAAAAAAAAAA\nAAAAAAAAAAAAAAAAAAAAAAAAAAAAAAAAAAAAAAAAAAAAAAAAAAAAAAAAAAAAAAAAAAAAAAAAAAAA\nAAAAAAAAAAAAAAAAAAAAAAAAAAAAAAAAAAAAAAAAAAAAAAAAAAAAAAAAAAAAAAAAAAAAAAAAAAAA\nAAAAAAAAAAAAAAAAAAAAAAAAAAAAAAAAAAAAAAAAAAAAAAAAAAAAAAAAAAAAAAAAAAAAAAAAAAA=\n', 76, 11, '0', '2016-09-29 16:21:09'),
(217, 'AAAAAAAAAAAAAAAAAAAAAAAAAAAAAAAAAAAAAAAAAAAAAAAAAAAAAAAAAAAAAAAAAAAAAAAAAAAA\nAAAAAAAAAAAAAAAAAAAAAAAAAAAAAAAAAAAAAAAAAAAAAAAAAAAAAAAAAAAAAAAAAAAAAAAAAAAA\nAAAAAAAAAAAAAAAAAAAAAAAAAAAAAAAAAAAAAAAAAAAAAAAAAAAAAAAAAAAAAAAAAAAAAAAAAAAA\nAAAAAAAAAAAAAAAAAAAAAAAAAAAAAAAAAAAAAAAAAAAAAAAAAAAAAAAAAAAAAAAAAAAAAAAAAAAA\nAAAAAAAAAAAAAAAAAAAAAAAAAAAAAAAAAAAAAAAAAAAAAAAAAAAAAAAAAAAAAAAAAAAAAAAAAAAA\nAAAAAAAAAAAAAAAAAAAAAAAAAAAAAAAAAAAAAAAAAAAAAAAAAAAAAAAAAAAAAAAAAAAAAAAAAAAA\nAAAAAAAAAAAAAAAAAAAAAAAAAAAAAAAAAAAAAAAAAAAAAAAAAAAAAAAAAAAAAAAAAAAAAAAAAAAA\nAAAAAAAAAAAAAAAAAAAAAAAAAAAAAAAAAAAAAAAAAAAAAAAAAAAAAAAAAAAAAAAAAAAAAAAAAAAA\nAAAAAAAAAAAAAAAAAAAAAAAAAAAAAAAAAAAAAAAAAAAAAAAAAAAAAAAAAAAAAAAAAAAAAAAAAAA=\n', 76, 11, '0', '2016-09-29 16:21:12'),
(218, 'ZoaQEKJGx4cJhW/i7RmjREUb5UmpsKEpm8bOpxhhNhSHv9jQN9QobGZwGKpEm2HxP6j978L7gl5j\ny23O4ERYBZvZ6rKtnV2Se8L12L20r1/Dn1w6s0SDzwr+JKEisB1a1PplicRUM2LfJ+hXq6NNOS6f\nO+EGIeV5HpKHARGm5j5ZUmUoV/CmXKoJ2kV0kzhI3iQifk+lig6v8cKpn19qkUb5mMUe2Iw9JnGl\nyTqWgIIlXPiOjLTrTzfxvgPxxbAIhXkxuU+EBc/0vXTPITZHcDtiVBxAykzwB40/acwHdJ7m3pCT\nZ19SXde1MEpMeyn5hMxkoXAZZsf8E18JjezRkInN18uRGmQy22FJsG2LUpmzTemPvHr+toKEXaDT\nf/R5UMIQpgPi5gk2PyU6BKqHfaChhiWfZOXcpEh+harWaPOg6/zBXK5wWZL7Qe4iIUa2qYYMQfu8\nNaGOR2UMV/Dib2YMEmkakSxctr3fp8BagbFD90WLouN/2BXITbdABuKxh+LqKIEK0zq/cmwmbyJj\nb+Nr0oTZT8Fk4ZAGHtaioswpNwW+mJhE22ff5/g3xv3VSWYERP/pXjjXXGqiQOrHgDtYzCL3/uOo\n0pWfb+xJI3NHYW0qVr15GiSZwsWLqB5ObsBlHXz1EYkj/K/csMhix9lU6b7fqEOJ/4mmgfR9pC8=\n', 76, 11, '0', '2016-09-29 16:21:27'),
(219, 'Jw1jkzdQKiuYI6q/AKDe5RtCyUak2K46kjzOb7j91D7v+/Tu/KxBw7v2m+vMAlasT0bDwq8vZpXj\n75JNoHe2sieJNdgwCqAl6psgo61ZM8f8Hifk2uV8Uq9DYgxOaqs/MJEL9I1TaVUzeptO9uKaS7C9\nF8kSPUPexAca8H1OrybvXWkE+kAev1RuKhRsgyWxxM0mSR1nDKIajlbT0pO9c86ATGNyX4I9+WwK\nn7rOS5+me9k0RxL6qa+R/plx2EPnxDb7KQtta75za/IwvKQClvFXRXDxvBQwcbeBS+mCMUpryIkE\n1WSmHymvXZhcBl5mRMzA2M5/1R/rfoaojfHh0VIanuGkBa2IycPVHb7L915/E1eHa9ligmlWEAgg\nEO6y8f7aHM8PAtMlCg7exlmX2ExgALwqXX8QEQG5IuOu2u2k+FTAIqLC58jvU4KZKldX1TWXIFws\n8QKcImVj3r2lfpUTluLyvVxnD/Tv2nOBGA7Ftj4d49vn/HJVURb/cwas8z8x7YOP1A23HMNNRfLs\n6mLaa6p4wtHAFGY2S6F7/LZQedz6dYHSVRQ9BQ5wYN8BteEyRYEZl0EkKxHX791Yvt9PbS1fr1g4\nShQaL2MRGhSS26eiXuLE3pfL3wW04ke1putTWuXbI4tUE4uGP4ZlhU4kDfj2ecY8ROw+crwgS8s=\n', 77, 11, '0', '2016-09-29 16:21:36'),
(220, 'qUC9bWASIlTiAvVAFMuNJt12QFhegoXycqL5khzgBGZeRCvMT64HZ/k62FjIEIlnT+O9WDeayQOj\nWRmqF5xcgjWuU8ADJy0Cfp67bb5kDtUjOYMLNVDjjWr5ul9OnAx6ZS52cYHQsIc4CMtUCfRK8tz0\n9F2z5jrbGs/S+QYn1TI0MwLNLBoxGovdiGKfuIWq7bckCM4un8YqpTej6wupKPdIOL69+pNgP47S\nXs1t9Wwc70JOJJdnOCMO8rEwRkEizJ81bbNFdvON8mIYSxpV0/but6O8Le9YlQl8GHilEbgyPFBB\naVZnK3VKxnh73zByeP55xQqJ8keTgVDlBPPbLSXeCsbpc7kWvB9A+3Wdsq3+QdB2p4CJg5rOA8Qu\nYkkeT4zWEsJtHa+b+2ShmTfWmJpw5t4QM/SKAu/F4TY8qSpn+Jn0v0EeXH6hxiDrMbf9MhDxbJrM\nTVOr+PDn9KuInhqLsbj8JJ59vsPfxfSdqlaHxVcmEk1pflTroOI0zSw/npxcZyJTa4NtNEWobIy0\nlAr5gkH2/SKM9mHorkKQ1pNyIyh9TIX3k/0RNrHlyTc0G9gPbKNhxAZcDzxXlBZ7XxJN2H5scc50\nfY8RsBa8ldI6HiVcsBu2ShQpTajmi5gjmmMzQknKtcs2zuur12Fb2dEUvVJyxymSdPE7cEVzexY=\n', 77, 11, '0', '2016-09-29 16:21:43'),
(221, 'AAAAAAAAAAAAAAAAAAAAAAAAAAAAAAAAAAAAAAAAAAAAAAAAAAAAAAAAAAAAAAAAAAAAAAAAAAAA\nAAAAAAAAAAAAAAAAAAAAAAAAAAAAAAAAAAAAAAAAAAAAAAAAAAAAAAAAAAAAAAAAAAAAAAAAAAAA\nAAAAAAAAAAAAAAAAAAAAAAAAAAAAAAAAAAAAAAAAAAAAAAAAAAAAAAAAAAAAAAAAAAAAAAAAAAAA\nAAAAAAAAAAAAAAAAAAAAAAAAAAAAAAAAAAAAAAAAAAAAAAAAAAAAAAAAAAAAAAAAAAAAAAAAAAAA\nAAAAAAAAAAAAAAAAAAAAAAAAAAAAAAAAAAAAAAAAAAAAAAAAAAAAAAAAAAAAAAAAAAAAAAAAAAAA\nAAAAAAAAAAAAAAAAAAAAAAAAAAAAAAAAAAAAAAAAAAAAAAAAAAAAAAAAAAAAAAAAAAAAAAAAAAAA\nAAAAAAAAAAAAAAAAAAAAAAAAAAAAAAAAAAAAAAAAAAAAAAAAAAAAAAAAAAAAAAAAAAAAAAAAAAAA\nAAAAAAAAAAAAAAAAAAAAAAAAAAAAAAAAAAAAAAAAAAAAAAAAAAAAAAAAAAAAAAAAAAAAAAAAAAAA\nAAAAAAAAAAAAAAAAAAAAAAAAAAAAAAAAAAAAAAAAAAAAAAAAAAAAAAAAAAAAAAAAAAAAAAAAAAA=\n', 77, 11, '0', '2016-09-29 16:21:44'),
(222, 'PfUdTNTiCv+oHUZaZSK9ZiuSELdMpQVqd/7ZicCY6OI7g9ww5gD0JaLvzul5x3Kg9zJ99GnXHgID\nPLLUOUCxdCwVRtjxaCOHHbjvbtsHMwob4AR43y0TBFCJDdedFY8KuELElhtua5Q1oou/2LTeH1PE\nOA3aAKa015TY25Q+H6OlMC1bELIpgSXzHkWrChNunTzUAH189HTW/XoFqu7s6mGymUg3U8GR7Bvr\nR17aBa+IX6v85rBGQR5XgfNGRUdqdGL8QVWRJLWwH2h9M147YgMOMJ5gK0FOzCeVcQkgnfwKNUIi\nZnZgV8cUFjBpPenD4D6Yvl0VJryJHLgMQU6GEcEQo5B1naCxNeI1dow8rw4jRZhIFJrnKqyQKYHJ\niGchGhPXsRyL7z7SMiO5U8oB/JIFiyZ+wMC5oLXJkna/fUdKa06wTzBgHrkE6EYiQF0YPZqjqtzb\nT6CZWddfNl891kf4RBZ4YCG5E2lFVMzphUdn0gIHwB2LjlT3aS5bH29xbXJpFLl+QArGQ6pzpdMh\n20IjDfcdQ4zfi1ji85exegszefnvwwF6vBd5o7tehZ6IwfsQEJ8Pfohiix2sjPyEWa4w6yzTpSLo\npPDjTNnG+hscI/2xSepBO5+A0rlI/2IaJUOcomqkzl06zwcpkANUZGJYGkaXxTH//4DbwH7JM3s=\n', 77, 11, '0', '2016-09-29 16:47:45'),
(223, 'jJOmtrr6Ox1pn96R3Bvqq8wGgA/jXoe3HVOwqZvWd+vSfOlAb/audLUHyqCEJtelBKZ3NnGjW2Qg\naL/N4MXo+WfpNlFJqsxPkkcyKpcdX6vXaE9ug2PsXI1y8JvSqky1zz7Bhkii9NjnzpfyjVKHqloA\nNd1fNDd4ANWjAhRP8DRCuUkEOQ2VGn2+XbLkIkk1VVigckN2G3aG9OluHuOid2wtgBRNrN9fw4Zo\n5vk18PX0gph60A2yk2U3uZ5w97HP94vDClVz8wLJZKFQwds8E/GWFWR67IV6gZnlWPWbw1069BdG\nUdoY0Rq07rUoiNMQEPH+dY4CyYP7qp5kKQm9Cr4JOlCA+BFTVVut/87dOMQMCaLSPfT2ewFl9BsT\n+EIwc3u5FbmvHAPJcLYPaLYe7EV1EHHoenSm69bcofx4O9jKpN8xCiWVD07kG4CVAwC5sBrOw10e\nZ45EgSXok/rBOEzFoXImPOgPl9RTF7jprG2myZHLo62Jwgz7l8k8Lr7EwHT8/aLLX95PSCAfIO9/\nndg2ic9WheAmTAuC2uhiavkjL3n1wSYU9gfaL2/9fvlvrcpQNMsqWWYcYPdfiAxCyqOfWrCTvE/D\ncY6Fs6eCq1Yc7rvPMhbX/Tnw+eTu6Srn/4iJ4c5bDemiXeMoKIYZX543QbGFmUWFwneZb60eoz8=\n', 77, 11, '0', '2016-09-29 16:48:04'),
(224, 'OzW57M1X8xLpWCj7TZCjumlyos/puidoxJlhMGp9kSvgNUPJAwoUUXkZJmTJQFeaIlFawXMlEIoe\nwLmcolSPlhFyfrFFRgyxWWBky45x29+ljTAzw4mI6MoXaKheqg+VKF/BE3kjEuclRRNX1uWUVb4e\n/rfoRlbKoyNHi8T6tND/LbvndZLvxDke6y8mhnGHcJfJLDCe4NgR4fPVVfJlzFJyB3EsdFoagbpm\n6LTeN84qiG6jdpa28MwdneTw3NB1vNFwwDmDyKNIL7l+HdtlAFPwOLZCED/gfrpahRUOzhzUB7fK\nh200tee1qP/tU2v2cx2pvStdRI8JkHG9Ae12d2vlZ+4BPOLrhecBATpvi/ntHM1nVY4RYALGzWZw\ngnhkwqkGS/AcpZEU6Y51Syt0mevuS5fnvfosLDfO5SRgBaDghKWD4L+Qh2WTwD/cWUx6nXiSxQfs\nYdQpY7spJs426lF3ryCBQbbCpgnREbO2NyWfoWlQb7VXXVTFWFKs3IMSiMiyIr9oiGOSsVn4fS3k\nET/QOVxeH98BNCDggqv3Gljar0zC8CzXTX2w2/kDZvPwjVXtEvgU/O7wPJ4uXWWl4jX2xts+ZMo8\nO5ms7igDDvyckk9l8gawaNweYF2WhccZSXiAiUX4jRvcuLN/EjjeYUnRH4gxw3ImvCl6jDVhOjU=\n', 77, 11, '0', '2016-09-29 16:50:24'),
(225, 'OzW57M1X8xLpWCj7TZCjumlyos/puidoxJlhMGp9kSvgNUPJAwoUUXkZJmTJQFeaIlFawXMlEIoe\nwLmcolSPlhFyfrFFRgyxWWBky45x29+ljTAzw4mI6MoXaKheqg+VKF/BE3kjEuclRRNX1uWUVb4e\n/rfoRlbKoyNHi8T6tND/LbvndZLvxDke6y8mhnGHcJfJLDCe4NgR4fPVVfJlzFJyB3EsdFoagbpm\n6LTeN84qiG6jdpa28MwdneTw3NB1vNFwwDmDyKNIL7l+HdtlAFPwOLZCED/gfrpahRUOzhzUB7fK\nh200tee1qP/tU2v2cx2pvStdRI8JkHG9Ae12d2vlZ+4BPOLrhecBATpvi/ntHM1nVY4RYALGzWZw\ngnhkwqkGS/AcpZEU6Y51Syt0mevuS5fnvfosLDfO5SRgBaDghKWD4L+Qh2WTwD/cWUx6nXiSxQfs\nYdQpY7spJs426lF3ryCBQbbCpgnREbO2NyWfoWlQb7VXXVTFWFKs3IMSiMiyIr9oiGOSsVn4fS3k\nET/QOVxeH98BNCDggqv3Gljar0zC8CzXTX2w2/kDZvPwjVXtEvgU/O7wPJ4uXWWl4jX2xts+ZMo8\nO5ms7igDDvyckk9l8gawaNweYF2WhccZSXiAiUX4jRvcuLN/EjjeYUnRH4gxw3ImvCl6jDVhOjU=\n', 77, 11, '0', '2016-09-29 16:50:31'),
(226, 'LwNMpJP0qIV1jDQxQxrDFIYFUtdOppERf9rENLI7RTGxnONCLiZKCCeL6NS6LaXJdnpRXpN9sNFy\n462SmJ8T2d7Q6fsYdvn1foIbF0S75RJ7E41nJMEWTrZxPyaCDZcHTO9fa72c/4p1hS5Yy1rSx0Gj\nhHqebO4ipL4mM7eL200PObGPg3rRqHjW6K2CgPAHU9R9RGw+5wGUq7aT8Tku2z73D/R+Wrr5mk0g\nbcfHZatxiAsroZv6DXfMGITPBujuBw72eRUgs98UfbaghwI69emz/y+SKKEwPUONO9FDCCzRLW1Y\n/OUAW5UoGHZM3xo3p0NMNtPQuuOzhixb/ohL7LfOI+P7sF7BXx3/SJ9BKRx4L8uxnPsg0WmUV5Wh\nj2xgIKgOlCikZLL5X86rTBisWWXp9f/svVqkmqFS2ekhFFTd+VODgZlLpBIEuILyGj9lNr8EHEKn\nnqZz6YnObwh9WDNU2spIJZgbxQdE+BBmYEvHvC0PvIB3/oAveRcuMEvUJaeEvgXceGus4t1O3esl\nWmI/QW1qSbZv6GzF0WleqWBLaVXH2oZtixBY44jdxUVMg7tEcw8Fg0zpEo4MSlw8XujrbwKSsK0I\nl1/ci1fRJynnIoNqnw2YzAMSw4cuRP0mZSFs87xsF9jeUmiZJQivqZcohX3VuAwgOTegyIccV1Q=\n', 77, 11, '0', '2016-09-29 16:59:00'),
(227, 'LwNMpJP0qIV1jDQxQxrDFIYFUtdOppERf9rENLI7RTGxnONCLiZKCCeL6NS6LaXJdnpRXpN9sNFy\n462SmJ8T2d7Q6fsYdvn1foIbF0S75RJ7E41nJMEWTrZxPyaCDZcHTO9fa72c/4p1hS5Yy1rSx0Gj\nhHqebO4ipL4mM7eL200PObGPg3rRqHjW6K2CgPAHU9R9RGw+5wGUq7aT8Tku2z73D/R+Wrr5mk0g\nbcfHZatxiAsroZv6DXfMGITPBujuBw72eRUgs98UfbaghwI69emz/y+SKKEwPUONO9FDCCzRLW1Y\n/OUAW5UoGHZM3xo3p0NMNtPQuuOzhixb/ohL7LfOI+P7sF7BXx3/SJ9BKRx4L8uxnPsg0WmUV5Wh\nj2xgIKgOlCikZLL5X86rTBisWWXp9f/svVqkmqFS2ekhFFTd+VODgZlLpBIEuILyGj9lNr8EHEKn\nnqZz6YnObwh9WDNU2spIJZgbxQdE+BBmYEvHvC0PvIB3/oAveRcuMEvUJaeEvgXceGus4t1O3esl\nWmI/QW1qSbZv6GzF0WleqWBLaVXH2oZtixBY44jdxUVMg7tEcw8Fg0zpEo4MSlw8XujrbwKSsK0I\nl1/ci1fRJynnIoNqnw2YzAMSw4cuRP0mZSFs87xsF9jeUmiZJQivqZcohX3VuAwgOTegyIccV1Q=\n', 77, 11, '0', '2016-09-29 16:59:10'),
(228, 'O1aCd3x2zjudvrqGS8z3zS0z4ZLvaImo50FqiAzxYx4xgb0UD7AE+q8ORpTELViVCIxaRri4o6Qx\nvHMWVYJMjH5xsLwo5qEuD51PKfYYYaHYYamet7jg2ftTu/2MPmrpvqYGceVKeT+L+qOihtTtg2x5\nhzfuATYphNti8HbOb7+0d0xxhZAcaIkX1Xr/cZZ/GKTa8CED8OocktsaUAIYDPvj/B+FwMJbMlfi\nMGOy5HNUL85zoMG2zpmiZMlKPeYPXIYsvxFoQcndkXgmGSUJVl3vMbc3MPMpfZmOV06PEBVqo+hj\nVOLULM4nmsr9eqvGPa6xc54qMxEgC9T8EgxY7lm5l/LQn+98QG54saqBsGyfIPUue9JFir7ry/cd\nT7cf6MxBFcK8m4Sza3HFIgc2ZY74vXkAniimkgP+cUEqBIUvJPGx+fkdIKdotCLOlIGpuzP6O6mz\nbHoirRHiKaPlIee/bafGk8mBIxO7mRQFGcqlR3TIVwQv9guaKzEJ2xeR/eab49NCqy0i+kBZSje5\nnsvhKf6s4MW6DIvE/lj0g81fPjQ2w0xkGoOVZVTGzy8EuCGGmr5KiVxGTzCK8ZV+3rdMyIDrTOyw\n4C0aRGu7BrgZHN64NZqLlsuRT6QiNULVHLJ5twR0kD7u5fMB1w/H3DVZHQObE/6QLB5+blHlmE4=\n', 76, 11, '0', '2016-09-29 17:04:18'),
(229, 'imageMessage/229.jpg', 77, 11, '1', '2016-09-29 17:04:20'),
(230, 'imageMessage/230.jpg', 76, 11, '1', '2016-09-29 17:04:32'),
(231, 'imageMessage/231.jpg', 77, 11, '1', '2016-09-29 17:24:00'),
(232, 'imageMessage/232.jpg', 77, 11, '1', '2016-09-29 17:24:38'),
(233, 'NOs0ra9X2igD8ANdMEUueHUke0/rPcuhzbsLTwrTTnGKEHCmsCG9JPYDo2Y7bjF3EEFNGZDBzX6n\n6rzDQ+dRfoRIJaY25h7rAP6d0fjm5um+K3Jr0fU1OjFznpK1xQTYs4FXL6o5dIFJrNboFPs7/XKH\nmhuwCXx6kZ+/w80QxPs64M45vkNR8kiJYAUZJNC51zPmmesw58r1Act+bTvaGjSVYHqaptbIPwtK\naJbTUenG0vG7rdbEce0CMoc5AaVp2ye97+2MLd2eJ2s8pBf0jYnG1Zee+5+g/4joeJPDCNLQxMLj\nX8TUnAScXKm7kxSDOfN0i2pS37aqPoO/Nillk37RSvrynD4E3j6ms87/9BYXNpCGdLpj6mRUe9/D\n1IREP8m4kv3VkahMNm/ZVN17HF0Z1IoTZhYO1Q5Yvv5woURnZJhOR0Nflp6csqnoJCFvG+Fhra2I\n8ag4VZCRWsKSxI3orpZAqBoPEo4drS5S9G5Vc0asXS2nn559q6bd6z0ZK7TYXT/cCHlrYiEEHMRB\nG6pVdcF4q6vsq0nQTQ65+bNO6qicBUmllGD2Sj2nr8CGpqsjCLXqAhxICreUODB6JY6bEXXtelva\nMEd73Re8duvPNNjf0GZR17nOsODGHFG2u58MENd67zqjVr7e04NR38UG88H0mX8UZLmbJQOaeJk=\n', 77, 11, '0', '2016-09-29 17:24:47'),
(234, 'bW8I58RaLJ5hSyHFS4ypBt2IQSx/fDMmabIsgdSTCO06TxTL32H7VKY+WKClaY5UqtEbX+qTzlpr\n+3GPgKpTQZbgi0eT559tIPE3zZdd6KJHfJLi1ru0PqClcCps7h/D/mJuUMsq8tSti0FqOr8emW35\n5x2tSMPOZrNw6nnn1zmxdKKQ0pkxoyoDdEi/ciUZ2AtBkrCIlrW9wMeQaWVgAQytBskC7kaDnsNE\nXJ5PsbJze75/DYimaNKKRaMSw4fipbxLLkstKbiGgoKI29qqQaELtqdRUG8dToOFa02Qty9p69ho\nI1WnnnbZN/ADjC5sPT9L2rr+7Ly5qjWOa9V6DgWZQJJ4RTGRNWakvHQKRDSgcn+24C707diMXO9N\nuKJ0emRetGcvMAWIrphqBUaWrscjRln938+Fgvmq0URCaVEulLMsKIFVmTiVbqcV4aIJQ6sLQS7J\nGeHWB8Dnhv2cYIt7mpZlxLNydNwGC9S98MInLiF4Nc960TzmkTQXJUrHhbMyxb6T43FkEyjXx3hh\nm6eCorEO0vQMOwjLzwyMrnXT0+hFDoTEKtZLH5ERSVeuQ5lfE8HIeO66Ec4P3ZC+0rQAPvNb3wHe\nXol5MiCAbDrCe6Qt9gpDKZ760gFSjrv5LbcM7RmkOROXmjiNHyZH8cxymOanq19R5+F/1h0s6R4=\n', 77, 11, '0', '2016-09-29 17:24:55'),
(235, 'Lsa9J6yxKlMbFevQSYw3PJHrgUSj1BKvQFN1jOLyVsIICeLYlf14wsHlvmTivOtG7RgDKlLEG/Td\neqFLfqVY6L1fyR8f7V4VzFcr/up/ZLkDRQbin0tNV1P/M8DlH/88C3wkwX716KNDnDi5C35HdKoV\nQnRJYF93OIk2XjxMfu4tb16OJw6cJqR82HYjRJnqvhfciKkacUHd8u5m9pgOMLOLfPF2qHK8BJDH\nISR1PePOg1/Wko6HDbmmlkOiAM0W+o1hOurMSmgoGII4duWmi39xjuxb+BmaED4wbfP1WFsVZBUN\nkKSAHaGuRqupmJ35IE6znuxlVux15oBsBXSNjR7QmiPzJdBuTf0uE5WVcNbjKnE449FFMI/KPgpv\nfkR8FVdW+dAyS+XMOSoGCXPtEVjmDQuQINydxKjK8cJcP8TQ05RJaKqC0ukeoWYfX/JwmKbp6/54\noF3CDMBsTym/nQzeH7T2n+6C+Z9QyMp0jAxETtNCpcwYCLcgcAceljygqTDvYlJBGwFWLe/P10o9\nDYrqyVx6LFxQ59GZMzzY2M13kXD5Z/NFF4FX+rBXNEs5e6qcBzbpRu7DZKC65fWnblFLxdsP9Mm4\n0h7rovNPbCZwlAxnUZpXlR8jYfKbWz1BmWsK+SUd87tLcaKoz5h3jmuevnJtfpWp1M1FYRX+4lU=\n', 77, 12, '0', '2016-09-29 17:36:24'),
(236, 'DOGP9PuiYgPisrqZY9X+cOh3J68BRIqFB6Okq8V3QLuTuiDBL30xW+P0OpZb/GoeLhyHop/OuW+p\nXFbCy9Tu+LduYlrKnAZG/yEHoYi1VvFfGESkDUR2nMKpNfGTJxFrGM1JEJFvxN7lncwNia+GjrZv\nVl9DwFdNuPB41qGcDvh2iGAu3IvD/LFZY/P19fCQFhS9QkYBB567PT4bIFd54pllT+j49R1/HGoK\nUtCzdxX0yCz5J+BgsbtQwdVby+FNDRwTQGFhvJCZIFIuTBWqMK79s7mvjVGTp5b0+wT4SztIHTrG\ntZYQrJrh7Lrluq+Z594zvBHRsA3A0OhkXNtIwaOLWd4izgsEknwaGyv1UEiI516Z0Pc9UOPBvJV/\nE7er/B/33SRl7K9pYXw2LX8EdnVUhJwG/8u5aKh5pSZ41ZopbNW49azeoCq/ucdcBDK/o5ycunjU\nE8lmWVyQ9yvoB/VhizJYY566IJXYeelMv2Z2sxahdrWcy5hlYLSMxqAUPGeJEcoZ4bcahLFZzhSA\nBpFsX7CXgxlSFy/29T5AveK4D6sH8r6oPEmWnskKVO54MINZnuxerWJ1kwcK4HHNtG5XDnCNHKio\nkbS5wi3XSJ3m1tluLJYfNMwdsLtX+EuhZSgaNrJIxk6SrsX65tNK6kyHz0vOC1EcNtoDgFSCKgA=\n', 77, 12, '0', '2016-09-29 17:36:35'),
(237, 'AAAAAAAAAAAAAAAAAAAAAAAAAAAAAAAAAAAAAAAAAAAAAAAAAAAAAAAAAAAAAAAAAAAAAAAAAAAA\nAAAAAAAAAAAAAAAAAAAAAAAAAAAAAAAAAAAAAAAAAAAAAAAAAAAAAAAAAAAAAAAAAAAAAAAAAAAA\nAAAAAAAAAAAAAAAAAAAAAAAAAAAAAAAAAAAAAAAAAAAAAAAAAAAAAAAAAAAAAAAAAAAAAAAAAAAA\nAAAAAAAAAAAAAAAAAAAAAAAAAAAAAAAAAAAAAAAAAAAAAAAAAAAAAAAAAAAAAAAAAAAAAAAAAAAA\nAAAAAAAAAAAAAAAAAAAAAAAAAAAAAAAAAAAAAAAAAAAAAAAAAAAAAAAAAAAAAAAAAAAAAAAAAAAA\nAAAAAAAAAAAAAAAAAAAAAAAAAAAAAAAAAAAAAAAAAAAAAAAAAAAAAAAAAAAAAAAAAAAAAAAAAAAA\nAAAAAAAAAAAAAAAAAAAAAAAAAAAAAAAAAAAAAAAAAAAAAAAAAAAAAAAAAAAAAAAAAAAAAAAAAAAA\nAAAAAAAAAAAAAAAAAAAAAAAAAAAAAAAAAAAAAAAAAAAAAAAAAAAAAAAAAAAAAAAAAAAAAAAAAAAA\nAAAAAAAAAAAAAAAAAAAAAAAAAAAAAAAAAAAAAAAAAAAAAAAAAAAAAAAAAAAAAAAAAAAAAAAAAAA=\n', 77, 12, '0', '2016-09-29 17:36:37'),
(238, 'eAKpizI5BIjrYtZ14tZ7lV5VpG6L6+Skrk/Kt+G5NNzK+LqJJ68l0O2I6oRDzmQo61EukskhQAfL\nmgPKQWu8QPKiPnGkxwcQY5h1Vw1SSIGziQ5V4X75BfSoU62sLSFtfdj6SnpdHFAzB37qgQZxbbEU\nbbdKXoZ7ChS8xU5Iaf4YsWInfj7mFnU/hzDh1vCeW0yo/c+UlGaKiA5xtFd0J0XmgiZxgVtZqMA2\nKOA4xumgQMwsEJxsQ+7ZWCyxk1QG7wIebE6/hUIG8u9fe38iwvpJiNTzQRNJloL+nfyJfQx6DVI3\njzGdibrNszrblHLQ7KZoWI1/G/n3S+xf9UR+coFHElkomR23f2su5q9XGb2s9kaLiPrp8Mqgn0dE\nqLb0+UqlhzggIYn42kXmKio8yo1uDrdLuMcvbYK0LrRNFD6DmUEjDPQk2toONEjUK6B33uuNxFjx\njaHqj/0AVLqF98AJdULhx+zm1xDtnK0y0qgPvEVL1P3eKxePxVyULW1W3SRQ9yigOnHeDyEXonYk\n682fDkpZDF1XmK/N4h8bS3uFBJ1XHu2c/nOM0K3NG6kbRiD4ncohA732Vs9SXmRhS/96xDlMF85v\nVLnKIpGQHH1IWJpu77pSlCZbX2qpE6HdHptwPEksKUE00/4QnuxTFl516Dhr3pW1aF6mMmQBnfc=\n', 79, 12, '0', '2016-09-29 18:02:37'),
(239, 'gE5qBRO54PEjTg9zwQK2F5uvtBqWgWBDHg4kWbzOrB1fKhGlnVBK1ujL8Trg+3isbpdNYLwutCXw\nLgr62a4LPj2pmuf+H3W9ReOWLXVho6/5gpDfgeg8zNOty2T6GJfcxCjcDisWlEXeoMDYpUhJxyH1\nbWKbR0NyXbKChcrMJo/KY6MqtzPdm+f480agHWo1Vm8sIZ3zIU1X+1rHyYV9VFfheU7zL9RXkmcE\nzg/Bb7RJJ4oWvpygR4b0Dv/miv0RPFXehWj/6SMvZhIoqHjfQMXxbw8KH9QR6ID3qcd/UMTPLiSg\nLqp32sjLYHiqdQpfZhn1qpa/zjLP805prL+VYVJsDJuuZsL7izSYy0fer8vT+9Vuz0rTGpA5qcDI\napGlU8DuUJFjg54gz57t1MhXvzaWM7aEHl7bYb2v0/8AhjzKmpZdpnZTuPN/Leyxbc2eeL2nL+Hz\nH+gW8dS5IcqCnHj8q6E1niPXEcVtOp9ntdutqZoGz9xsdh4nJKDmUs4wytiOlzvUzbfomGMxoQ6X\nY8bCM9YlGp75Qfgl1H1pF1qlbToV3IpEyqL741OuHrLOuhdNx9Hj70E5lBAMEl7jhxuXayCXxgHS\nVcDsd+XawyQH77g65bea9vSLSxgejPvd7BVkCCK8NuLfsLRkazvDPV0bNJHVS+j8RaOPbQdjNqs=\n', 79, 12, '0', '2016-09-29 18:02:49'),
(240, 'Q6GGTR6vwA6lYE9HHoo+vRknrbH1iXh/c7d2j5O9cj9uZIg4HzFJfWK0UkTI2uSA1eg1zURt1yPv\nEBRBmQG9vGjcnVep2KWEtWqjAtgbi2r6767bPXJTfZqW9+/pT8a6OCq1SaY86IqjC0GkAivH/gUN\n/QkL+vRUNpbtSfZ2mqcSJCTNrrDD9gl4p+ZsPThuyVvsD8uM9IqYv7R8Xd3CGP36WpPzx7ry7kdw\nGiFv9llgek/tGRntrIUXu5dM/CIs/IfXrvep16tt4VIBXhwxEIJwbUJW8XdVfrG41eEP4oJbWWxf\nA7dNK/A3vtPwO/zf9LBen/YSfCh4i5Rf8atQVAXkBpn5FNXHVXT74mAs62TYyeuU/P8NNKktI7Wv\nBm7WDHdZvlUynMyRBIuPggGZyVEvyUMjwa3PxVNQpYDukYWF1ifhyZoXYgk43njEKeVdGTTw/YQS\n/bouGMuccB10qDWQsacM9JAZoW9BAiQr383JQrFuvdx76EEo284yPun6F5kLLOG6ZLBUtW80xWR3\nRlsZNqpbyOvGWRB8MtjqpZXKaKakXH0xcyz/izktcm/CRWe5U7Yvrezp21ZkarbWAmCDeRJ/WG1R\nUSZbx644kbMpDuyu5m/98v3gVfMRdk+sDiEYT3Wtmp5lg15THN5kNAGDx+gh08j/+OtaPaB1ams=\n', 79, 12, '0', '2016-09-29 18:25:35'),
(241, 'AAAAAAAAAAAAAAAAAAAAAAAAAAAAAAAAAAAAAAAAAAAAAAAAAAAAAAAAAAAAAAAAAAAAAAAAAAAA\nAAAAAAAAAAAAAAAAAAAAAAAAAAAAAAAAAAAAAAAAAAAAAAAAAAAAAAAAAAAAAAAAAAAAAAAAAAAA\nAAAAAAAAAAAAAAAAAAAAAAAAAAAAAAAAAAAAAAAAAAAAAAAAAAAAAAAAAAAAAAAAAAAAAAAAAAAA\nAAAAAAAAAAAAAAAAAAAAAAAAAAAAAAAAAAAAAAAAAAAAAAAAAAAAAAAAAAAAAAAAAAAAAAAAAAAA\nAAAAAAAAAAAAAAAAAAAAAAAAAAAAAAAAAAAAAAAAAAAAAAAAAAAAAAAAAAAAAAAAAAAAAAAAAAAA\nAAAAAAAAAAAAAAAAAAAAAAAAAAAAAAAAAAAAAAAAAAAAAAAAAAAAAAAAAAAAAAAAAAAAAAAAAAAA\nAAAAAAAAAAAAAAAAAAAAAAAAAAAAAAAAAAAAAAAAAAAAAAAAAAAAAAAAAAAAAAAAAAAAAAAAAAAA\nAAAAAAAAAAAAAAAAAAAAAAAAAAAAAAAAAAAAAAAAAAAAAAAAAAAAAAAAAAAAAAAAAAAAAAAAAAAA\nAAAAAAAAAAAAAAAAAAAAAAAAAAAAAAAAAAAAAAAAAAAAAAAAAAAAAAAAAAAAAAAAAAAAAAAAAAA=\n', 79, 12, '0', '2016-09-29 18:25:37'),
(242, 'imageMessage/242.jpg', 77, 12, '1', '2016-09-29 19:27:28'),
(243, 'M9R+n1BC5Sdki8YpOi10Z872uclEAY/py9mr2eyMJTy909UJ9PxFY101AthnFJ42646HV2jvmZtp\n9/RgRfeAVscUUD0BC/4jqCkqJrxI9HBz4srkKJi7K1W0716jf6pR31ge2Dc34YMcMGPyy+vzDDQ5\nEuOrgXkzOdRJUptVkYLXTu5IUspLPIsuSdPBmtBdYeCOuf8sSSiVGgUOGKH1ndyQu1AfT5he+T7z\n4mLT98CjYebYVFcTUWosAh4vBRs8awqumdebizxUx3jVH5/PUmns57Bw52+AkHYYs5U1kS96lRzr\njiFbR0HzSxaUvbjAkgpYKYf9hPMhzGDVp37cM37iZuJwi9MxiYexxojbn/PH2vszFY74fwX6maig\ngSIaBkHH3zL1o4l8GPnk1Ci7CR+JkvBOySiA2vMFdp71NRdZ6aRUYxRk3MHqPfRh5qEy9wWJUqr3\nzrmKiSWvqdMftFNm+uE51aaxiwZkeU2FKDZxhgvgcF/nsSJjj/t1dqZqP7DCBVlmQz6CB5UvVRIQ\nqoKyHQ2Xz7gnFvVzHY1kMq/eanrxev97+sEqFgqIvKKzrXhhlYpNw/d+5R+auyGmMFRdsQv/1qK+\n73Uo3tMrida2pPVHpboTJHdZlOZcGpRWX9sdK8DQ1k6AMfsPPomFNftPzMbQoT2gOClvTU+1fHs=\n', 77, 12, '0', '2016-09-29 21:14:45'),
(244, 'ahoxQtVNAP7P5c2wxTRy2WrAQaOIOW5WbpMb+V0u4zfM5xhj00s/Zgmo6sFobaCoTVdrE9zIAGx8\nw3dkFQBjc9o2pB19HhsQ/HPfwteuRRjie6eJKJpX2IhOGDj6ccJNeJoAza4GcAdtb5wIGvkzryql\n4zOo+2uwQWF4XRD5QiP7qGs0QaxjvAE7AQM56e3KZui7jWHkgW+cAkR9rcEja5qU3BlhUpER2pnX\n4pN4v3RAER2mjT3JB9qC5OK6pHD/09knotbuvSuH7ucNfKcz00KYD64Qxu+igZ82TVCwcUNbv+i5\nLYrOZiKlElG5eCQnOdgNPz6nehw6POb1LBtfXdng0vpPpC9lJOmsob28ulg7GnrBrMoy9SIh5pXT\nNHyYQgv/jKx7bXXjNOXGZvapvFnnlMS1iGCwVBL8RVBoTKNZxPGo2Fas3cFkot5dEtbH19Lif44u\nRYmpKBzGrYjzYQqX3wopYM+8ng76oPO5N5ZUFW3hvinbMKX7MlO9uoh+wsIUZrtSXRMqTkviNecX\nSxVDm1JLp3TXHnpAHb3wkSBJq99fPj4siskC0otmaeyz904LSggvZgR33AHYQPahXnMXVz4NVHwo\nAUch23Ai5xcwaV+kiyJuQZ+kylWTv/UngWDhcuUo/TZnYYb2+27ddhtnX3kpZwC/525NzJdMUhA=\n', 77, 12, '0', '2016-09-29 21:15:12'),
(245, 'ObHgnv5NEAoXT9fE8tmGhKhhXTgzhTnaza9/it3fGqMwlEV+Vmo4yOYnWbYEvDPYcPzbAy4QcG3M\n9KtSsm/Qzj4NR5+UhNA9EyIp/wh22lykwP1ezIQa2DzrKV2/RKkUbCDhKrEUSKTzeF4Rx+9O4YQ1\nK607fddUUbBGyEB69TMuovEfke7EbDdyD09q+pkvbDUpVOvUpxNkY3Aqs2eMoXQoVPu6vgEw+DL0\nGXHwFXa7pZ+W1hBS98AksWzxQPfd9E6EJfVedHAeUuaGNXDxmNcHhgvgsu1RhYAStEnaMWy11feM\nskj61r13L5EpBYTPC9CSfsAXNATD263MQgy6snD5IBDQ82BzIBXYpRUkCs84bx05uFjDKsw/+1VY\nq+XhOAYNVqQ9WwkH+da7tJv49fHzAIoW1Fq7OGnwPuLASFvd+zHOu14p7AdsP00ItcUrP6etwpxU\n6bkkSgsNf0BU4BJLMvOObz1RtwKda6mEMIStJO2pCvaEBPp+1LL7xz9qSjnNpnwOWG0UkZVD9IQy\nLNaRPkgB5Rg44SpEcBgJ9gb8IZ8FUwKnWwcXNyygTJHrLZRWAwpTPYLn4zDALB0nbcG9UPll8qAT\nLpLT5He22kmrf4EBYlt6X86axnGEbFzkfHBEMchKnr05BH9VBv73RucpRWvo8o+J7wYxm0p5WvY=\n', 77, 12, '0', '2016-09-29 21:15:27'),
(246, 'QVVpvOrg93JSEPhkOzJeBD+hieVuSG2wVq1eBPuVvPVkScJWCw0oBN9kQL6lQgw0fY1Y+KBXF4G1\nP2+Y6ltDC2VB+skAcLq7KqB82/1i55Oka+FMlCC6Ta70iRIwYUoQYxMFY8fOGCgaIyt0OyKc1zkz\nriF/u8c57gluBNPWPkYa70E8Tk2I1Rg+WohWHiQudnhTNhjlJ4+yGtsvx00OgJ4x7F5UKRC3HG45\nGpDn4fl9MUUyY5FBoOcmNHJapygCZklFaPlF2oodTUXyToTmVRFShQv5HHugaq/OjQPc5E645nsS\nbYqv8q8Mvwnze7Qc3FA1WLHq8tu4sp0/x+y3cdX7JGKQlXR1+2W5T3Jb4xIlig1ieMzj4R6/JP/0\nmCBIu5iQ0mzy6hp0S8A0o2bEjAFEiDp4uFQdNGAlZw0VaDFbGZwlli3KSZQwi4IJT5TBcuaYupyY\nGPa9QI66FhQevgb5f8klnqFyDj2TD31LtR5X3MttNALHjebvvSVh1TC2wpJbeNQzD9HRFUWA5CaT\nzu6DemDmz2d9khkl05lH21OJenIxRj896gZ0WUl+rAvKkUNIc8HZkRWn4EgMxNW7Ekj4k5OQni1t\n0CCoiLb1bIT8gBO5Uxs3sSi+LBgfbOH2l4/dgV3YtOGnn+s/IuklmiTAr1UaS+CaX22ztO2Dmm4=\n', 77, 12, '0', '2016-09-29 21:15:33'),
(247, 'slsUdSjML/bvmprEDHqzSTDrDSJGeb/5VainCkDtKMoyKtlhhmitbgyxBVmMVf+PHs4HGCM8h1c/\nIPFkhp68V2NZtLn2Ud+zf5ZcgwcvwEuPgvQN3y9i1eWu3Zm3xXLvexVZvo7EQwGtfvNvrnANN6T7\nVKUcSwbXNlUyOzhhTVlWIEq15u0ZLGOOZSU0YhMbgpEX+tghfqodAknhlGenV+RReWqVlkbT3rpN\ntHsdbILMOG8C9jDrMdfpu4ddVpO2ybgod6YIDLa9sfRbHXGYPoqX14WmbBXZXPH8FbnvB3fLcbzD\nRLhQX1Y+FB/6kjjZc5YCJTnFuS7NxcrbZtrmCPK1DZLPx+N5UTtKJoVXalS+EGtM3O27s9nA7hyP\ndqbx9cD/dzX2Ts+Nvrb98W/hCfg6EAWhtAOmdDRoYs+aWc9uSTH/h4cRNCKmR0h8vr6pRPRaSXVz\nQLsK5z93jmKQa6ClSNR/LqS7siIUAHW8xfzm+a/5hQSZNrnX/WTaV/2Jj6S4W0z+/BuaQ26Jx3Ur\nMtTGjPV3GO+VlO1c4eC/i5twzM1h+QtvwTmK4R0zS9OBQ6jZzpM6Jf1YRPUNpQrSkRhwpTz7Z53b\nU+jgkkuLL5au4S/8G68OLvO0dk1JPPqD3RftIoCDe/zxmZxiVAjQBCo9TrG2+DXjwM6tc1AEhsM=\n', 79, 12, '0', '2016-09-29 21:15:49'),
(248, 'cj8uCQUK4Y8aWPRGDB6W/5P3+R6M82lHzdJWGajWlTx2GxEGWmYsDmtO0Mi7jUEwTW4P+FOk9Fh2\nB/621XjM6A7FQpGCAMH8FS8UlMBQcLui7c2jEQB+0/bhQM73PPRwinrBcL0SFvoePi7ofSmhW0to\nXgc7qTC9jR4PamVeVJKVDFY1oLVv1eRr6dokSzrkUbCGHshN3dtK2JShU/H+/SW3qm3vc3Wzwdp0\no9aEwj8FHp0Dol870TOe/34Bty6OkDbqTPMo078LiQWWP5lB0CpRdwd1oJlcVfzApkUWJ2tRSP7D\nmJUNOdhO6OlzBYHdjFyrNVw9ThSBu6ESg+WxrpA7vxty7rfSGWc68oHPcN6MkP6z8cNYbelXYw8h\ntuTaJKpXGv8BSGvjZJvp6iGUwptFwDo1WGpKgHSXR+zZZyhykDvcp6LK4WjcvSAbnUG/EMuvJYAC\n4B6rCeArTGmH4rcaronsJ3+Pawfurq48v0YtN9cmuSevp8l7bMfN0kMZlsx4OL7esH+aGIHq3LZr\nb9RepDE3VAindm5FrznkbmuFq4F1Lvmf/4KQX5AcRByiJI8V+mahR4mawIdnZQKqCSopeHMzgW8C\nHQMLCSzFpsiDC0gJsy4DIE1aLuewZN+uIzELSmXM/2o+cCTrMqD96HD+YSfMqBLwF7A4mhqDj5g=\n', 77, 12, '0', '2016-09-29 21:28:06'),
(249, 'YAkwc448Yi7a8X3CJDgoKnaCsoWNp5vbYm9anqi24PYxj3X5gbwrwCg15ipNRH4u8loQQIwVYL+b\nOOXia2H0r3B7QC50X9hD7dvaXUW96flpaW62vKCs2ipVxi2tB4m3sUPqD09JoGrclGSYRhf6gZKv\n2oKNl/cx5/1qnZSTxZXfcQyn8zZoVqPwO4WJRFOTta5PfoOParxYO6pmfhWvbXkFpUjzFExQXx30\n0cp+W4VHNRAAEtjc/r6ikIW4Hx8FGULtNBRJwavxpFIzLyMiWyfLpUsKPYIBoBurCo3bT9vQmosd\nbSFoIOKF8B1/riXjtIybYIuKaoHYlrEOsqgPNoVoj9DKPzHN/RlkFhdYd43gFKTBXueVnL/8djUE\nk0ALjn540B1RNkyBldaM+4yjDW07tWQSXQNxdKtQVHM6yyMerQGSvIQS13UoKxelGvp96RF8RjoZ\nj366EBWISLvXMWz4h/VBiKSXbOdRQfOWt+wMntk0hrZ0BBUxCwdYdrN3FFCmaWPCmPm0ObZqYlJu\nllONLiJGSSh+5UW3s4OS8Z2ZxDEZ8UbaicnFXV+P94eT4CFBoSdtFX3mRKDtgTvONEcvQwrVzvRE\nME5S008Fqtp4Npkt42yYgqajdKjWINTKeZFVnC8kezeedWU7R+u8ajxNKKInWrBgpnauiAEkD7s=\n', 77, 12, '0', '2016-09-29 21:28:30'),
(250, 'XuNyLxQTd4W9Zc61nq2WsVFowLrj5r3xt/y5BIvJPr+GU9YndgHh9BEvRSLITkU+3h4ZJz8+CFV/\n9g6nb28JmJ4k/CJ4udms9mx1Vg4CWnjCfYmz7DGJPx9nObP64La5D8UZopp+j6mH+YtqdXq88KcQ\nVdx8mYzDqIgjNVR29UNeCveTeRNyMfUGOMHxh3XRYXRsL5KwGnns8wcyMekfoSGRrFmzimi27ssg\nxYNpLDE/XrbbqRsxRV9SmWNudb9HnurJN6of8ok649dCqC7rutIqiGKd0wfbcWYWXOvGS9RVry79\nHzr2s6frBrnroJw9TSZr92lPgl1AFeLuOzLHB4c8Q6YFiOUkib3w062ZJ/bkdi65F5UGx3qbVCKk\nqeJvM/Wx6+r1/ldlqfntPBWnAacafFlzgHOydg04EduPGsgSJUZOenrlRyHkvuXl9ccoFQ+JlOHJ\nkR2nq6Q8VtYag8Pf2oDqtiX+KZhr2JncYAswUagCSyKDpeelu6J0qwlXrSp4zxCamfUfRJ7RjTxf\ni3XCv5uJDf6Lk8wl+xif64NM+7PVTySIxinY0oPgMCrQwLi4cGcgtlUfc098ERlQTYaN72b+6Z9N\nt0za9Uk6jwyU6OVSAN+Sr6h6s+/afUSp2nI9zHFG14gofwJsYKycQWPi+UjSnrA/YFz4TZQSC/s=\n', 77, 12, '0', '2016-09-29 21:28:50'),
(251, 'YcwLhly4moXpNeh3nwRqOgMMHLUWeCxkzsKifr1tdBR/ML7jvmOg1k+OfNlte2VPbUqRCgf4o/7M\n50K4HbD0ojQXcE5DyLnLNCB7I6LVMxns2eZAYVgmZVXGM/4EVqf4wtWnP606aFBWKzSk9SPf8n/t\n40MYDpFKkbx3/YpKwoz7/uI5urWJJ1pe+kNnVbyz+MY9QBeRY2tvg8kD7uxWDyIUObiWTHsIflcq\nzApzoI4UWbzET7lNA+9tJs/DEN0hdeInCWhlr9grsEbv7NeLCM3jjPsabKybt6KS+9PBba7aox9I\n2FRbICkag0jFRQoeXHF6Ronzm6QWd1npSh6olR/g3fVDiiH4Ia7d8j5Y6H4n1nCdL+mMo92aCYfk\n1wFcpGonL9oHiX3hIu9NaOdC0gt3OgBcq35piVaeAJ0yqvfECPb51GBZJyW1GgRoVyWeS7QZrwV7\nt+YwbidFwWRRb+gnnIPbFmOoejovCn71GGIPVU3QJhOTfEPEXnDIeoxyC6zx2KxVBlfZsMkRvm82\nAlOE894BVeHeWBG8eBfvf3FkDdKi8MHEasl6ffdz4Wnqv3z5oaZwEhCdcorEuEv7wespUd2TwYYb\n9lApHSWgbQ4nIkdoXy/uwNCLL82G5QY5Xa7Fi8V+GxHqwItdJlu3fF0koR80YT8tLU8TvLI+6P0=\n', 77, 12, '0', '2016-09-29 21:29:25'),
(252, 'S2701nNnE6Qvx+FwrnHewNI73jwbBIiMbQ50w7A8/FkB2UBp9zAw9/GTHNixjcBwAWDmsV41+FBM\ny4YKXuijA6fwIa9paqerXaUZ/HJhrY3V5neZIMmvy7Y+EZ1xQwAJR6mYSiHaPjBXtV2j5Iis068e\nR8wS7Oa0eJ+4pZqATHIe9UhDvrEvcqihNJQOj2bsVSwT4jr3KbEeWIG5vDKS320O+qL9s/9uTz4P\nVfXykReNthR3ZYtBIrC8DmRFdftWQzqmmgfhSWi3l569M3q9baNr19uLX/3TXeXtP2LggV6D1/EP\n2mJY12sCrXY69gUDBzEbwKZVmDycI6O1T7iyi8Y2G8AlIHs8rxFHk8WByMRvD7GXzbOsodcnzxov\nJ3r4NRZlvbTpd6z7bk0lsOdqDQ4zvoWrUNKUL4jicyoTVmoZaRj+oaxekcr7c+jw3tM5pvGpnV9O\n9zLbpLMUjHa1kSCLMgQESGS1noZGCL2lwYngeAQCPa0WWAH7fwi1S+M4ujlwuITAGtb15cms7YWC\n+Oa3RFCseJOPMPRCS5xYziNufQ0OfoDBm6lQuCZr5Ks1p6VlzIB9vItalaTcj++3prGCtNn1PPeY\nJgysXnGQYdLru4W+7HUxXgaDx8dQimMuKGROhf9W5diSZmCn8hsybHKM35DlrlQyRLcZ5+6x4/U=\n', 77, 12, '0', '2016-09-29 21:29:31'),
(253, 'PFdfyZs+SJiViSVO6+M2R09TBIr9/y3sdgBrpH5Kp6bZO0QuLq/1d+qw4QokmJDnxgAlaqeCHZtq\n89e2U1LgMN42R+eaQQJFieBFysk5dPZJSxTtB2vjN8eba7OtBwxPpxRDU/SafjCbYZM6Yc7ESWXF\nJsCj33/cYFfUMi6sSDg7fu7msPFyYWEzKeTz17CClfJaJVeWx0q7S4m4TMewxq2e3bgwYNNA5Ax8\ny2fQkP5awagtXob+aPnj39DxW2DIWuSYnnZIx1QguSibKs8S1EqPsYYhtjtQQ5gtqq4L1bDE98Yd\nEQKO4VFUyv//R8VgD6qpQxau4wvKEzDH1EeOY35FanyZYA00RLGvBzZl4GaMqq4EOJ+7TAmtTbTQ\nyZ579XalTD23CIoMjnLV3RXZeuHS68gCPKn06CxVrDo1Q7bjK+Q7TcOCoJfr0nB5ANSthN2iyaSx\nPjEHgYySO+b5hj9ur8QeXYaVPzxvk1FaQ+YWk4j1K4WO/8kGt3O1dlq75j4UDlf9M3rlQJGRscW9\n+hz0EBn2X181y5acZ660UjVTl9jON9IvmgMKQ5o0JPMmzgHZNxh4AZJFEnS0mIuQsFGOmG6jq5Vk\nHpYwYYG/qWrZTfZinRZ1IoTiJEkYjhK3jVXmwzbAo5c2ff6zoX+I+lNCyVQuPqVQFqdwchQA4jM=\n', 77, 12, '0', '2016-09-29 21:30:05'),
(254, 'hGmT9uDr+/m9CKNyhDFB8TXZUj082OX5DAbnxvgDGjGSXqGjBFMVw9XHM7HmRN0/OKXW4n71NTvN\n8z69RjXBvs57tAO5Q+2XzWz3iro4p2FfxSRcRFj/OukEzqgEkEh/9UAuIQTDTCdk3SWs7uD6gGud\ninNH6lPKl81jL/5G0OsNMqVAJAx+LdljEaU/+RSB0kNBlIcoMRuEBIWdMHud0amjPxkskEDLy66H\nH5eJbRPgni+67rgv8db06fvVVslwPwdYg4oQYM+l6W5Wvchq3zXlOxoUV1uOfVmuDJbFMLPt64qT\noxaseevga0jcAG9z6OB4iCWhlae1NyGrhwVOWjbCgKTo4+U83C3ageYl6x5GwVrlxg6kMTlqUHVu\njSqETV5xaMR+7ltYhBfPNs6D74x3R0O5/ZFJFI73Q4x6MUS3ulAacmTRvbRMOISEPoBQjUFvXN4r\nn5VyXayySnVqpBM4qB7JUHJU6LRljh1/FrOfQOL0GODjm+tbf8+Dn0/+fPiyT9rBQONA2yVu+PMw\n0Mc9SKTXfN+2jmpSNG51/rCnHcfMrvYP/o0MIfKQ/tXk/8o/rSJYyvZBd/5qhYMkz3wRNTt+Ix6r\n00H7SuLPeKwULfupQ8s/ZMQmIF57QDl9eNw7nWVBxeVIomyyYt1xxhIB8WXL5/BFsJ9X0zoqmlU=\n', 77, 12, '0', '2016-10-03 08:30:49'),
(255, 'imageMessage/255.jpg', 76, 11, '1', '2016-10-03 13:53:14'),
(256, 'SJneV2jYEHRjKv9d63Eb1du00F79H0Vzd1op0JudeiwuY3N+ujQgNcinD5tezSi3wyYIbE7GijNa\nFA4aO3bg/cMqXJGG6Iu+z2X70wt3tyCsPOi2rVFHY5nl3CN3i4/kKKWiFzBVgId0bTOGBC82tCX7\nkRDxJOK7t+mzgUZ7ONubD+7xqmgBfgTvc5MwJPXRyQQNRcX7aBEGSyJ6mBMmUh0uzgn6g0/baIra\n2hcmqODVbgeVYgXoGnIkKHzvirg8WFE3qoobLLsiGUfIjlT68KcEhZjJNVzs3zWbaxmfSgQ8LVR+\nRZvwXMMgioiGsYuNvzYvEbK1zz0fq6iiiCg7rybYH3c1lzuc4QbVqlC1F7YbWX6GdYJQ6gKh/4x+\nCnu54yLAm24BgV9QVyT67rzpU8NZoHVbcwFqEoBpvyKqMKCWWKk9OrxlLdJXyjgXYz26uQLU/mpW\nDs1Cw9NDo57IVemPm32zRKyw0Y9KELwFMnG/dA4Nrm4+NVvFJjBkV2FmwmqUwLUOo/JDDLxHTr3i\nl0xQtGfAlI23n68BO0GY6afSpROD3Ptp/8hmC8mMxTQ1I+9x3xs/PSPrFt2QhuJay96J67fnziRq\n4Uo6JXmJAyuOjEpPHf2kKcNGII/QemmEYBCLvKP6MYei6jdTTcEch/0GQ4aTQ5fayUZYngT51uU=\n', 77, 11, '0', '2016-10-03 13:54:02'),
(257, 'imageMessage/257.jpg', 77, 12, '1', '2016-10-03 17:21:27'),
(258, 'imageMessage/258.jpg', 77, 12, '1', '2016-10-03 17:23:21'),
(259, 'imageMessage/259.jpg', 77, 12, '1', '2016-10-03 17:24:26'),
(260, 'imageMessage/260.jpg', 77, 12, '1', '2016-10-03 17:27:06'),
(261, 'imageMessage/261.jpg', 77, 12, '1', '2016-10-03 17:32:15'),
(262, 'imageMessage/262.jpg', 77, 12, '1', '2016-10-03 17:36:22'),
(263, 'imageMessage/263.jpg', 77, 12, '1', '2016-10-03 17:37:24'),
(264, 'imageMessage/264.jpg', 77, 12, '1', '2016-10-03 17:44:35'),
(265, 'E1PQQVxhVoR0iroVA85WrXfv7NyT/iwZmGVHQOyMnXXGClaUzAiGusc5trSQkO/oaOaiuUfWliim\nFP5GYBeGWlD/nz0JA35QEtr1DV6Y001xzUm6JZtPFCphoQNSbO7k1a1uEvRek90dotZI/f0HtnpU\npDAKc/xpwlAPNSL5ZHEgXcTZSugnPHamPkF75G9XsCNMV+rjXW93YwhZFdqG/GtyhRlGRqshz24T\nTjel/blsBj29cpEqhtG0XFyAzbqW5yuysKrLlFBxxSdYsfWM7uRzx8Ji++EnPp1zFnKVZbQM0AhW\nxAzlU1ZyFGoVnisaE7q8GWX/AYJBWySSuJqKPKWtejo08FD+2dIEEtbVsCt7jYTzNt0S9/fZh32d\n3lftTbCDeAncGqcCMpJJsnIO3bOxrkV60dATL3/SMV4kxYEB9eRNPmx85w6yxkos8oYunLHuzchr\n3X2rD16s8avrXVE+efkbzUUxLf+VqVAPIa/Q0tTW+aAiMFHxOmCBF1QFm729gP4Ythxga7972et1\nDdpcsCRjg9hP2axu9FNLR1JaLg6BbAAaWvmc9AVFdQ46BDhCyvxzYFZ3/vfBRtuJXcuFP6lkABXp\nuDTqKef9fD6DB1hCdv5erK7Ew48Y/aodNmNOd5Axp6M+d10z3uOGYEqFkR39bPcm80gNMnhpsc4=\n', 77, 12, '0', '2016-10-03 17:56:02'),
(266, 'E1PQQVxhVoR0iroVA85WrXfv7NyT/iwZmGVHQOyMnXXGClaUzAiGusc5trSQkO/oaOaiuUfWliim\nFP5GYBeGWlD/nz0JA35QEtr1DV6Y001xzUm6JZtPFCphoQNSbO7k1a1uEvRek90dotZI/f0HtnpU\npDAKc/xpwlAPNSL5ZHEgXcTZSugnPHamPkF75G9XsCNMV+rjXW93YwhZFdqG/GtyhRlGRqshz24T\nTjel/blsBj29cpEqhtG0XFyAzbqW5yuysKrLlFBxxSdYsfWM7uRzx8Ji++EnPp1zFnKVZbQM0AhW\nxAzlU1ZyFGoVnisaE7q8GWX/AYJBWySSuJqKPKWtejo08FD+2dIEEtbVsCt7jYTzNt0S9/fZh32d\n3lftTbCDeAncGqcCMpJJsnIO3bOxrkV60dATL3/SMV4kxYEB9eRNPmx85w6yxkos8oYunLHuzchr\n3X2rD16s8avrXVE+efkbzUUxLf+VqVAPIa/Q0tTW+aAiMFHxOmCBF1QFm729gP4Ythxga7972et1\nDdpcsCRjg9hP2axu9FNLR1JaLg6BbAAaWvmc9AVFdQ46BDhCyvxzYFZ3/vfBRtuJXcuFP6lkABXp\nuDTqKef9fD6DB1hCdv5erK7Ew48Y/aodNmNOd5Axp6M+d10z3uOGYEqFkR39bPcm80gNMnhpsc4=\n', 77, 12, '0', '2016-10-03 17:56:10'),
(267, 'hGmT9uDr+/m9CKNyhDFB8TXZUj082OX5DAbnxvgDGjGSXqGjBFMVw9XHM7HmRN0/OKXW4n71NTvN\n8z69RjXBvs57tAO5Q+2XzWz3iro4p2FfxSRcRFj/OukEzqgEkEh/9UAuIQTDTCdk3SWs7uD6gGud\ninNH6lPKl81jL/5G0OsNMqVAJAx+LdljEaU/+RSB0kNBlIcoMRuEBIWdMHud0amjPxkskEDLy66H\nH5eJbRPgni+67rgv8db06fvVVslwPwdYg4oQYM+l6W5Wvchq3zXlOxoUV1uOfVmuDJbFMLPt64qT\noxaseevga0jcAG9z6OB4iCWhlae1NyGrhwVOWjbCgKTo4+U83C3ageYl6x5GwVrlxg6kMTlqUHVu\njSqETV5xaMR+7ltYhBfPNs6D74x3R0O5/ZFJFI73Q4x6MUS3ulAacmTRvbRMOISEPoBQjUFvXN4r\nn5VyXayySnVqpBM4qB7JUHJU6LRljh1/FrOfQOL0GODjm+tbf8+Dn0/+fPiyT9rBQONA2yVu+PMw\n0Mc9SKTXfN+2jmpSNG51/rCnHcfMrvYP/o0MIfKQ/tXk/8o/rSJYyvZBd/5qhYMkz3wRNTt+Ix6r\n00H7SuLPeKwULfupQ8s/ZMQmIF57QDl9eNw7nWVBxeVIomyyYt1xxhIB8WXL5/BFsJ9X0zoqmlU=\n', 77, 12, '0', '2016-10-03 17:57:10'),
(268, 'ioNw7XKcFaubDkmS1lH/b63Zlq9dNxCCLm3bZ8J6ClGelrAf9sqsi6MacRkCPVA2Kp5tH7656vfn\ncLvQ12J+ntsq2IH1KUVnBGX/52Fw+8YI6ribLDM4YCmPgib20kDTN52X4SEOG5NJ/sCNsU2wWPPa\nwp6r5HuugLxbZqXsOo6624nFtgUlFcuROn807ISz2tN8rrPYeOjF0VUwhnMRmA15bEUUWF8w0LuW\nANBr79X8NkY0NyzAob27OWnXQg8mcR2evH0qRjRR0iLN5kfHDEerCNcwBjAJJ5PD9fN247TWC+Vn\nrDznufWbmtx1Py3bCYVFZK7RtvxJX8UNDGQ4rT2OFdtP55+SJhqIFb/3H2TRvyyiz4MA/60ZBUBJ\ny3nj4E1H8rFpeQlVTgqSSmslhNCnCzw8/HtTvJPq4mRieGKhLilIbBxA6/GcsR4xVSisHKtIoj7D\neyuNMxt/1VqbcIwqh76DtJgjH2wyAlXfS+Ok2mCkIuGrxG9Du3pTEtrVxylLSaSelVK4nSToYVld\ns8AHdyPhb+V7aGkx9gCsOdo1bAXdVZH0YKRD5i+3EgXuESp6Lzp2fPwldJmO5TqyVHTylkTp8HOT\nLCeaGlbAH+L8q/MdmmiA5oZyTugBRlScS1Z9vCnLY6i9xgx+pKci/RSIWd/wMsY9zfxoim7nh3I=\n', 77, 12, '0', '2016-10-03 17:57:14'),
(269, 'mRZkzpQ66Ga8A/m3mJgYQIOXSA5Mj6abFquGDynFG+P2XpEr5zTltF7YQLjmQkH3sxinyQNR4qXf\nj0Mx/VgzLhi26Azn4X7DYG0GfJVM+PM3dxYeyePTTHpVRVOvx17fwIB/gwYzQS+iR67XAD+LogiZ\nCEY9Ugj5y1cadWyIQElxhj08eW7LG/4P2bA9fdxoAfclx4tFeIZtnmZqZo1hMiGXOrPCnJfehXGz\n38D3bc5H8SFcqYSWiAgk23w9/87OsoTc48hHWSccN6FhV4Y2ZpUWgt6We/uYfuHgwwDCxxUI9KE0\nTWGWovjG7AoeR70IPUwiyhA/Wt0TXNupVDxzwnQM2Upsy2t2bn73UbzCdZq/2Zi66emgkBQmqcfB\nmkX/Azdk//Uvfi8nxvbEzOrdILVzZP2BqS/YFr9bxtQlccH9iF2LBqDrIjOW0kLNGxRu4j0z7WeH\nttyq9+PFSGPuAqvXtSD4rfEtzAx8uPKXAcNzL83znnuu+p75vn6se9GwsU5GuvF5nI6NWDc9vTk4\nCOR53StuX1sCEbwxlLovjAZs+XNm6JsHyN+G6dAYQUW9e18BsresGcpVX1cGwjF+kDuPUGKl6poE\n8rZzYNHucRoeS+09/3xAyOABf0/aENc/Zi/0jQRfoYOEI+3710dn6Todn2pSnLtx3UPbGWtw2mI=\n', 77, 12, '0', '2016-10-03 17:57:21'),
(270, 'mRZkzpQ66Ga8A/m3mJgYQIOXSA5Mj6abFquGDynFG+P2XpEr5zTltF7YQLjmQkH3sxinyQNR4qXf\nj0Mx/VgzLhi26Azn4X7DYG0GfJVM+PM3dxYeyePTTHpVRVOvx17fwIB/gwYzQS+iR67XAD+LogiZ\nCEY9Ugj5y1cadWyIQElxhj08eW7LG/4P2bA9fdxoAfclx4tFeIZtnmZqZo1hMiGXOrPCnJfehXGz\n38D3bc5H8SFcqYSWiAgk23w9/87OsoTc48hHWSccN6FhV4Y2ZpUWgt6We/uYfuHgwwDCxxUI9KE0\nTWGWovjG7AoeR70IPUwiyhA/Wt0TXNupVDxzwnQM2Upsy2t2bn73UbzCdZq/2Zi66emgkBQmqcfB\nmkX/Azdk//Uvfi8nxvbEzOrdILVzZP2BqS/YFr9bxtQlccH9iF2LBqDrIjOW0kLNGxRu4j0z7WeH\nttyq9+PFSGPuAqvXtSD4rfEtzAx8uPKXAcNzL83znnuu+p75vn6se9GwsU5GuvF5nI6NWDc9vTk4\nCOR53StuX1sCEbwxlLovjAZs+XNm6JsHyN+G6dAYQUW9e18BsresGcpVX1cGwjF+kDuPUGKl6poE\n8rZzYNHucRoeS+09/3xAyOABf0/aENc/Zi/0jQRfoYOEI+3710dn6Todn2pSnLtx3UPbGWtw2mI=\n', 77, 12, '0', '2016-10-03 17:57:31'),
(271, 'imageMessage/271.jpg', 77, 12, '1', '2016-10-03 17:58:55'),
(272, 'LiV9PR+etiYF3mxAQwu1oOVa1UjK/9iBVLRpmhTV17PbcANlI5/CZfDhDu8D7rNubnIdqAWPLFzJ\nJbq1JTE0rFdotVPZCmneGPCXI4Ld8nDToNSOF6+qd0m1OF3HN71/YWqFXsTNM9AZxAnr6aonC1+a\noWa6ykVci5MjRUrRJe767OTjrFhZwPW4LCffUTNWx21yHGkWrDehjPRhTFsMdAD6lDgolk6Om9EJ\nhYHdn++Xy1qg9EeNikRLuh9/vLXSISEvcNurs8JbdIN76mMyVvMZ9zY3KKAR9MhqEwUoY+BW8FhG\nrrTr7lSFWqwto7qFlnPv96muHlukv0a+bL2vULSAxQXJoa3S99APyqmymo8EGoWD6uTElUviqdAu\nDJL+rdTvGG7bfpZnq2WRgjRxD+x05Ty/win7ZC1n1lk43HAeifIlql4wJ1Dn7e1vbzJXcVtaIa7v\naFRT8MV++8vWaSML6thYerUHEkSgbranQHDmnleRSdyayzQ2rPwqy0qkPT2PBLxhZ8gO+eCMnXm7\nl7rJmyoDCXVpaGs5whSvN/PYLY4jJTafsFfHg00guNsl48hhv89K/U26eexnv+LS5aFYlKMkahYL\nsEFJVpUMr8cIeW7vxjlgw9iJaRl++RAoVgV1eQP0MJj/0M/i2lBS6ClVqLk+rZhFsbVXN44JifQ=\n', 77, 12, '0', '2016-10-03 17:59:36'),
(273, 'imageMessage/273.jpg', 77, 12, '1', '2016-10-03 18:00:13'),
(274, 'imageMessage/274.jpg', 77, 12, '1', '2016-10-03 18:05:23'),
(275, 'a4LFSYum8n3mkuNp/pRdAQ0AZpweehaskoUuY4eKBR5O6cyWvYe6UzDrSkagrf+LoxVg+SFQEczS\nZzWNjDRwdkGtgG4eabvi89tUvjhUIKq7hMpI37kuo35tAJy8tufXXFxMrijiXtxGzF+LF7YxVbSp\nUWJvdkSynaA8kWlr3sEzROkc5ohqo4sS3M7cdBBDGPwsid6kR4fsx+7NdYijziKH10pYbpyMuZVg\nz3WfeDamJcTMRXBkJGsQvUAdL5/dJhwH+SpT10s5d7n8+BNCEuMWJUy9+nMl0A7fs2138tUVjUjb\nHqaN9Ii3GlCOkxGigcK7VJ4r+XhOyCqjSN6VFOV4nvQVoWGT4ixiRzEXxbrNkQNJNpkN3xhlSTDX\nDjRy015uxPEUB1WtAppgZit0y20HkjDi0luCxr66uKX17wiCkra4K6STRFrH+RvXf87YLksC7nG5\npgbUcbSVq3yzS3VDEPXHh9g/4LE3CDV5vK1CsXmvAXIXACWxHqYPBIHdiAb5NeSBJI2y6vBeRvIo\nc3PIP1ctZaO5tBYlYrzXyQQlKaRg7AV2+XAPF7/emmnNLLjJdfmdtWUjHWu/mIZLUIoOMjgUIG0y\nriX/nooKDOfGpyMNquRaaenlUDKYSKbH+yWJ5QdfVDktK/f5YIGeCExBrRrsmumtqC6HrMcB2uo=\n', 77, 12, '0', '2016-10-03 18:05:37'),
(276, 'a4LFSYum8n3mkuNp/pRdAQ0AZpweehaskoUuY4eKBR5O6cyWvYe6UzDrSkagrf+LoxVg+SFQEczS\nZzWNjDRwdkGtgG4eabvi89tUvjhUIKq7hMpI37kuo35tAJy8tufXXFxMrijiXtxGzF+LF7YxVbSp\nUWJvdkSynaA8kWlr3sEzROkc5ohqo4sS3M7cdBBDGPwsid6kR4fsx+7NdYijziKH10pYbpyMuZVg\nz3WfeDamJcTMRXBkJGsQvUAdL5/dJhwH+SpT10s5d7n8+BNCEuMWJUy9+nMl0A7fs2138tUVjUjb\nHqaN9Ii3GlCOkxGigcK7VJ4r+XhOyCqjSN6VFOV4nvQVoWGT4ixiRzEXxbrNkQNJNpkN3xhlSTDX\nDjRy015uxPEUB1WtAppgZit0y20HkjDi0luCxr66uKX17wiCkra4K6STRFrH+RvXf87YLksC7nG5\npgbUcbSVq3yzS3VDEPXHh9g/4LE3CDV5vK1CsXmvAXIXACWxHqYPBIHdiAb5NeSBJI2y6vBeRvIo\nc3PIP1ctZaO5tBYlYrzXyQQlKaRg7AV2+XAPF7/emmnNLLjJdfmdtWUjHWu/mIZLUIoOMjgUIG0y\nriX/nooKDOfGpyMNquRaaenlUDKYSKbH+yWJ5QdfVDktK/f5YIGeCExBrRrsmumtqC6HrMcB2uo=\n', 77, 12, '0', '2016-10-03 18:06:08'),
(277, 'a4LFSYum8n3mkuNp/pRdAQ0AZpweehaskoUuY4eKBR5O6cyWvYe6UzDrSkagrf+LoxVg+SFQEczS\nZzWNjDRwdkGtgG4eabvi89tUvjhUIKq7hMpI37kuo35tAJy8tufXXFxMrijiXtxGzF+LF7YxVbSp\nUWJvdkSynaA8kWlr3sEzROkc5ohqo4sS3M7cdBBDGPwsid6kR4fsx+7NdYijziKH10pYbpyMuZVg\nz3WfeDamJcTMRXBkJGsQvUAdL5/dJhwH+SpT10s5d7n8+BNCEuMWJUy9+nMl0A7fs2138tUVjUjb\nHqaN9Ii3GlCOkxGigcK7VJ4r+XhOyCqjSN6VFOV4nvQVoWGT4ixiRzEXxbrNkQNJNpkN3xhlSTDX\nDjRy015uxPEUB1WtAppgZit0y20HkjDi0luCxr66uKX17wiCkra4K6STRFrH+RvXf87YLksC7nG5\npgbUcbSVq3yzS3VDEPXHh9g/4LE3CDV5vK1CsXmvAXIXACWxHqYPBIHdiAb5NeSBJI2y6vBeRvIo\nc3PIP1ctZaO5tBYlYrzXyQQlKaRg7AV2+XAPF7/emmnNLLjJdfmdtWUjHWu/mIZLUIoOMjgUIG0y\nriX/nooKDOfGpyMNquRaaenlUDKYSKbH+yWJ5QdfVDktK/f5YIGeCExBrRrsmumtqC6HrMcB2uo=\n', 77, 12, '0', '2016-10-03 18:06:25'),
(278, 'imageMessage/278.jpg', 77, 12, '1', '2016-10-03 18:07:10'),
(279, 'imageMessage/279.jpg', 77, 12, '1', '2016-10-03 18:09:14'),
(280, 'imageMessage/280.jpg', 77, 12, '1', '2016-10-03 18:09:34'),
(281, 'tpYbBdzm3LIRbC9nI8Fd68R8NrzXHLDvSQmZ6kY5LWJHMqYc9Ifs+933D+HlHLimNd+9x8VSk0r+\n26jGloD8nZBdeA/D55HiM0DzbHnuFt+iqZgDbN11CkzxVfwPCRQ6Br7mf+W/1+xzuKlfeCtR+DZr\n9kRnLe9XzjTRvDPMxYwws+IumWoq9gdvYTi3w8sHzLfZnHkTGBcZd0xwgby82kjCrU2LfcdSnobB\nLchGcdWMVOtuSnWKWvB9xmo/u6+F3APZCoxgx29tul5ebx2FZ7opYRywNVqKd0G8yBQ3kxiLNJ03\nTwtnE6ji8Gy60/DI5PNglr3o2U0iertZkZb5zGhYxUrPg5xl5N6Isij7JkVKja2nhvj4hcJ0b7Be\n5Dgq/33smPWwXhMZwxgIAfqzRvqakEE3pLyE0cUTPdhqU99Ztz5w2r9tgzUqRqupmtOnnwElOpDJ\nSUgS4veM3dVvVflPzbOfLUGRSHFHi3AerV0KO1iDlULngPBXZQBLYmCSZNcbRJAdl8wfo5FzEH9z\n+GLL6oq8sTNu9ss9JO5CuYJ3/cZzSwrY6WUldfpniWAVn5iTSFqDyBRWUc7d2v+4I+ftMiHJtQUv\nAZOxZBzevg/qwP34FgyPawjuSm3VHO/HKr7A7EU5QnwlNoChLs0AgLFCOs7P3pEHvdmeBZJutBo=\n', 80, 13, '0', '2016-10-03 20:04:27'),
(282, 'E9q7g7ZNyCp/NiK0VURG4SRFYHAo5A0X77McFFzfPLRfiCq0IobzJWfyyI+DoDrN2ouGBz6ATdB5\nWH+8blG/8IbOrvrUWz18Qyfw24GRTDqP0LSMCeI0VYG8bZ9a+tZJ4PVTeAOkSALRa4Er0UaxD9s+\nBopRfpAKK14BRMHDxn30dJGqL7H/WxE0LGtiW+d2zeS4cNqO7B4LZcbMV8gQcT2387TgbOAuwQY6\nKGpvAVoHzVMlHWx7aAidwvFfbVk//saQ+5SEu/vLoJWTxqaHgyTDOrXDbJkPx5uqy9z7XCXche4F\niOeBXBZVe8IkqzA/hQ4MxdV7XYe91lYmTv0k/ZR/La1T9araGlcRJCif6u50wb85omQ1hn0Tgtiu\npgKRfZuLw0XZLBTHk4yFad2yCPty711FjLyNMzMh+kusaNx+BddqDZ7cJ6p69QYvxKNN1kgB0onI\nfMODeqsUGLLt+X2efDwWhc4rlZ+L923jQiyL1gvYv+TchzBGctfYnJI31cxeGjVx2UWiBh7Ed0x8\nZ3uZCRlDZ8MQ1VZTlQe7eL7wn0+SrMyHFhoZ3Z8kvs1t9k7cmQ1oPsrzA0itgWAg7XEcm2lf/pc3\n91JCH7gqWzgfw1KZqmVZ10jAhXmSmC4yP3BuSPEqNwOX9kRpDphXRKVH5mUc/hEt0Yiv26Z/xQ0=\n', 80, 13, '0', '2016-10-03 20:04:39'),
(283, 'tksniIi4P5EvvQqyYRy/qBfQ1ga5CX8puIDxqmuQFgpXDU/RB4ZZAsOGNZHYrCchL4r08LiTSGND\nfOxU03jHM8Bf99ZPNMNRmJqs6ptQLF34UqMz4LSmj77kcFTjamsbdO6gMvWb1jvKlSwJG0/91xXj\nlJwo9BizqgpmD46KzutWLbk2MYk03Rsrb5enmbJQuPoYZJfzBYFkoBn1h4ulYYr8fY0gJf5Yjq0U\nnEY7OSoaBx+Z6juMVhJPVEs/pY8SbcBWi5Dm7oQaPaG1GnUTbuaGk7t50J3Y7rzUZ7zBojvLcrjn\n9ZG84/wC+Td6CzoDEs2JcJYyP+Mr8O3J1rNP7jxfy/tfccZRC8hUI2l7xFVYrJMdhElFAcBuuTl/\nrLKzzO2rTfpKMwj23NIJ/8RGySUo/LgPLjy4dUb+MIpv0delHB2eVYsleVLB3GqUA5JHFBTVXKm7\neIVeQ0aS7h8NysmdjOdnputlpTclIBqy3sxOvzUaJg6ISfITky13T05ZglmFcdu2vqDX+o5lAXlH\npyChYqzATTOwj60fQ90lKVOexs8DJ+dzbxoTdvK+fm1W4i3LeqbZKr6RGyXkwGNWTkMpdkH2cNkB\n+QjcpE4Ag1cFOC3GSD3uFfhbpx1eOKQ5sxhA/MSyZUtNkTjq0wVXDFEHAaTx+iSLgzhDw2uRry0=\n', 76, 11, '0', '2016-10-04 11:55:09'),
(284, 'kIlQpo2RxxXXqIYfFAFMQ+5vH5nU7yp/wp612LpYr9wC/wVIus+bfuCYvjSF9cmOlqDHsmfHyOfS\nI1tuSeDJZv6fn/yFvkazGVRp6MAIMseGfm1d2tyZ2jnDkYBhqhcvGYKsAY02jsbEcVXBWOWKxd3W\n2D57djffPv7up2+F4P5WSrSOeJNQzQ2C5NFvsn7/C3W5gMoaEiAdpgqT6rIIeeMIiPLXsWqbjCsQ\nGFUqWoxyOo4AmBTuW3ibm/003glkGGaci+iXdPr96I13Wj47vkAemmpeh13NBVfRbczjCVNs53rU\n/PspxXnc1qlqqGTnWLtpn+hQreiBKcXbgN4qbd/eUXBjmNGdEN6lfpNCYXiRFKOxb4UeQ4LFu7y6\nwkZhe80YoxTqANLrbwX6e8TZJ9pa4nAPoCdLWoBpT8cYkqvn/4J1Bn1Sff1/e7oJrhy4sqfElyeD\ngVHGU/LVIPtNSUdjXUoSdsct33PMisfcmVNUXqVdi/BGvLGPHkFubyIMO7U+QGz+yRS/zPiQQFQx\nYbxYn7GiZ45uWBppPbn5jwpL/H68H0RHyk1oa4MIR8ephy+yoYLwz6WeiAKXt3eLxFKwkRyEIUkg\naCCqON7M4/KwUdyaN4f5TxlFGPuDhkW00opYvPAEGEWA14K2WtFcuBoKpuAimurGdP+StX5uDOM=\n', 76, 11, '0', '2016-10-04 14:22:29'),
(285, 'vCsX5dCA4eFxMgVNqJzwEkU8smdLf7OU6nD+4TC49aC/R/Qyrec25KKcXVKtSz4c693un60B+RsT\nLRx87R9vj3hP1FsOTj3CHH7g4/mXjzZdvrJi9l99bmCXK8p8IP1u3oVNIO7L0QcWNuKiyuZdzGPC\nFv+nikFHbjqkAcYNjeMZrQEt+d/jekNCvWlhMonz/teJ9p25SEYvq/3GG85cz4wl6vU18Hf4kA4J\n0OEA67HI27W/0J1saQ7T4hH8TFDH2RsCikRMUwG8iU5tlLQ00XOFsPIvmxH5P//RIGJXAgTvoZGS\nTq/lYQMo41mDDp39o3k299mSjhm9n+BUsTMy4qOegFHHgsQOYVnVri9rjfKyZG1JWOZqfZ0TA4hq\nVe3jtvBVJahrl5ZRhnfkp7CzsUqHDiKg4t2XeD2ndPZpjfNWnXq2Sjy84qyqjU3lyRWbXTY/o1Rn\nxDlzOApY3JY2C8+dXCybt2wQNJBVujIymz41thYj2kwyj5yPKDpHoxmJrY7q4gdFKvDJeLHUKfYc\nGWCcWt8IvRS8AQqYyHwt0fJjJif5x/De6OVJRYGlSGdG1eqSRHv67flRmotCbwmLOuzsBLrMui7Q\nEsqZ4DChOG7G+wjV+SC+d/4gcNxQP8ofY/njo3Yqr/qy0aIP39OqSli/RxaKUAboLdNRbUwmdLg=\n', 77, 11, '0', '2016-10-04 14:23:13');
INSERT INTO `Message` (`id_message`, `text`, `id_user`, `id_conversation`, `is_image`, `createt_at`) VALUES
(286, 'F0SHRO+dj/5QlMIPRsO15YOfY8DaehuJWETAAVg2rizyojLljEGazFVUFHsnXxH7tYiYL15mQUGl\nOoaQS3BjE/DBH/BQqYsjgmHU6OS/ltuli6Q89HdjwiWIJVn//8S7V30ktBR7ruXj8yHiCi3zlWbx\nxOLlMURQVmG9A+EFuJUXjMp11cl525uDVfygvmLcWuATHEaPhrzGjohE5vZ5fQgkh19eZQ95RXxn\nDGMAYZeNBm3WvoPc/wGLK5Urc+bGs1ubGQWdJTL2B8Owolb08QPAyVldV7t8MOdVWBaPWQg5OLCR\n588Qw6hAkz8wj3bl0NFtI470m4desFPNKZu7ZSQqQYeI2294+mqPsmsk+xmOcWNDcllATLhSORPY\nLW0uozxrpPBAit0T3EQ5hixox9ow40CXRjt7gVEScN4yU0iPivQ2yAxPtDkPTOaH1km8bru0rfV8\ntbllhiLJrd7Gtu/XI47xFsczbc2fbVSMweZ5MGDN2q6C/WGlImJQc0twJoHJoO03etSHlnxg3Ffu\nMdTMJ24h8sV6+ac8HsswMM90gqPvhVP2QY46QyEenNZvFvwuiMBWPmppo/1+9Xw5ssEfjeOLXTim\n2vj7Q9AKf+MyJAhnU9+6Ofhl8lk10sQIYCCWQQ3g7CwOuvTl+HEvf4GQwRi6GVJQBmxOTQmyCuQ=\n', 76, 11, '0', '2016-10-04 14:23:48'),
(287, 'AOtoHxjp4KfD4w0GKJ9i7Ssk9vcnHwgDfss6S7YNkXwMbZoumFBwuYlhquxhIZPtHsoZGo8tWiiM\nR/wz5tRU6Et/IXOzKAyQuBGS0zmrSxc3kxrwqYDPPrSrV1bh4n88udMQdgSXx5tx4ybG6mhQ6uW/\nypSejbHmzec0PEpMPKwsMc6sjiiU7wBcIrFGEh+BExBeP80IvLwDKCdlQGtvSWwPSa8uQNSqvgqm\nu6TGgC2h0+V2EiOmTwlXAs6XROTi65nAGPW8EbZJu/p2QnbXS3qrFlODhBLB9PGWU56mYUMYOK/a\nRkpYN4mYHu+luPAcBOt6cArBmehAmbHdOfxt9pkDTC5YK47KpHnjNZ3hxLgGDiLUHMNUBFCCn7LY\ne4EYt/teTj1CK/1m9tMRI15x2lbwUxnU7ZR8fLsM67faEcaTxCZ9w9wqBs/BDXfKKjKS9ZK4n9rk\nLA4h5b0HQLnJvk2I9FbH9C8af09uyNJZSF+waQYIb3dzPTXEcxioYYhEi3abzrKk4R4tyOXMOAJd\nVrRGpWHS3zo9M/N+8zummv4tfynCniWNrjfpKHiChJgHCowX5hhL8Ov8DrnWFZzCscXZZAWVMiI0\ne82l/AKWQaUUXOKhcHz/HlkXqKQtA67HltpOjsjMANq7hbyf4xTXhW1bxyAsuGe9E7HOHCsq9A8=\n', 77, 11, '0', '2016-10-04 17:45:23'),
(288, 'elSxhLEfS0BA/f68uzSf9yJMskEVpSL4HaX1bkg9GHvdiHxDKXvxwIJWp0re9HY9L5w5yCup4lUc\n8Ubn6cLMBsrLDJo+DG/e+7QRG9we9SCwbLR8qa4FNhcmqxJclBbWZLv2ma6INQjkvc7LNxNo1DSv\n9Tvxw+pCvb+svh9efYo6Iux7vgBWXBVfTNsFp/K+WxfaqDrqf4KIA6xifWQSSbPbE3Q5V4nfh56g\nEz12J90kKwMzkLYDWsP7Gtx1Yh8xJ1EET2N1D4aFU1V4J/qMyrUdAI21ylVJdAbTmYH1rzINgAvv\nCxng4mmVNXfTJfboJq4U6qTnbP1Tv0XLk0nxwLpE0ZutHMXdL1V4ymRxK/VMfTSgfZerzu3+fTd1\nRdkS1XSyaldRo5ioSXyDiSZ9wGtFWv4jABIve6wEntsnU87HdYzz96Xfn0uP0eQNg6p30Ss30CMe\nA6zqYAsIzKZfInElA8/rHmcgbZNAVheJj2AoM2ia65rDtDIKa1egXaZsUQCOdDScuEzxkrVYXidE\n5AqXVr4TQ+5ZvNbvW9E4KJ6BvtsDm8KmPNO+aBPMpyuqzGdWLvbTpX9dbH6PwfK5BiI3m8wm3FC5\nooFeSWBRi88R0IzxEe34ZdQ1XEgdxSWxoi7Vc5Z7QBBBIKjpWB+PY0ZGdOh8pwLqYu7KGO4l7LE=\n', 76, 11, '0', '2016-10-04 17:45:53'),
(289, 'Pvz9kZJ5HylFh3jJff6SB5Mg+y9i9Xujx1kvb5ixa+DHD/S7ug6hMpNavvESN0LyFw4MPVKJP0EL\nxt3QbcswjRUCd+elj3+sI6xVAE2QONwmE1hll3O52S6fzAMLQq7It5x3mPXPiD0p+lqH+JfCnBzp\n5qeIiVEyCT5VyeXYH0kaMMe2cZf8bF90spouqRnZsd/x7c6PqfioTKePE3JkuWTjrA/vOizjak4e\nfaF2xRyYLOGesEfF4TTEU4J/A2CkI2UXdIthfFpMkQ2mKexdTCzqnTG5/V6SVMxPpMAupfeAj2Ic\nzbaFwRtXRVI4aUyVN3UrepzTQx79e2fLU9vcco61A2b1qrBLTfrMySdEH0EqS/JnN8mWf7JugwDT\n2WDlgFPg0yRxWSgbbb5I3xsEVu8GyHYeIoessQyXmI8GCkWPnwjGIYgLlaaujMgDRdlHab9ghvQN\nQWF3Ll/Fv+t7e62/Jlfq0+UUDJ3s3jo/02oTXVHHLkTaSNZt5jOL4P3boPzGyUwauD1o7ktNzuyX\ncczPGyaTJsqZtPgbxGMmE/ZG8wCbXShFW77ob5Ot6IDohEF4ZrmuyU1/xY1/HLXuobrDs/ZsCiH8\nzJGJifxm94VN0bigd5qURD7AmK1BxYeJFV0JsU1NotZ8DQr2cxp6mZ1CatX7QMUgPQGLLlIqG0E=\n', 77, 11, '0', '2016-10-04 17:46:40'),
(290, 'Y7xJNKZmrgoF2/xatN7s2rT/CNczkColN+vUlv+O7qW7aMYMjZkGkYpKA1QT/x+EaZeKd7eo6NuA\n/M5RIigQgv1hFw7r8WksAP5m7Qd68yNum6pvft+uh11Bq+QMLRZ3mloCc1MkAzMFGMZW5ZtjuPuI\nHvxMkK03uEMWQldIHqpyx72LbkZs6FjPKFui9o4pABDAWQg92iGX3xJGdaKSXKtowCS2RIP0oi1z\nnkS8hXD7odScEw8MIqncVH0udaAaNO+HFDtcztZPbiI8tqaCRvDqTagV6zWWfv69g3euQnGVWSWA\nanx7/Hetwd9NqqiGisztwJv3ujLv2WHqJsUM9Z+weZOYG+pqVVQ6r1HatNV2/JJudy4Bde2p+6d8\nv9YTulyueR2Levd6DjUfNb5KSxgzK4ceEwDU3LxU+sN8VkL9+5yrEdk+jthxQSjeab6i3+Xt0jJZ\nttO0ffA1zwd0rS/FLU4rZScE07aPA+tjDh1Kh2SlfXtwZl3qK6QOo0GYaim7YhhOMxCvUJB3aWEn\nOwANXfl5+AtRU2x7gecAI8e+nZVlUFms1NTGRj5wl21Q/Tx4FPQ0mU4Dl+OuVPEb07bXBBqrs3LG\nOxTO1ZdLbR4o8faxe/O7Y8Bj95iIC6DoPShABSG8biH37ZLFH77/PJnTVQt8TV6LpVlmnGBxDp4=\n', 76, 11, '0', '2016-10-04 17:46:53'),
(291, 'mLKIuEqXcSEZfpWU0+R3EogbNjkFfsdOspdilqpCm9IQwn1jqDK/j3WIBZiuu6OaQHCm6iV9bzM+\nRWofHUMRGFPQK5UsH8L9lgFFkbUHGH2a5MkDllVPKPiZ+esSSc2q5PDVesf0HfRZkXikDRnS8wh1\nH28r7iTRGUwEP+vIdAGNTouEfAMWi8ytatd5HYSK8Oaiobybwq9k0b4YZ/9uEi1VssEJCdbkU7sw\nPcA5lAShsQwaOStO+j9SoW11soQzcrDA4vLd9XpIFaX+YnFGJ3kCqrV5Ne0TRq7vU79nNJtAdWyw\nO8ceJuImCv8FUobAS6t+w8+hNrykmczT8dIg7KSBDlc5zfcsgRKpEdsROalb9vfzEl7fxoBkl5Yp\nN5KZcb/q9yZH8ZQWHxfrian87zGqIY5/X1TloRTRBkgDiccm/5X+Bm2qWseKLMkOsDs5VBuKyutp\nWSy63oHOf92S/6VF4OL8J8psdWShzQGhxnjqoFUSTDQw6C9tJON3qLQenTNnhTWKqdTMbczwS+lQ\n5kQCN9gtsIYOj/7t5lDDEPuc0hdZNl1PUDP0yMhDfcGBSFLPf8GgESxw4b5X/C3SLCQfePwhdOmh\nigDpriLIkWGbsY7Dui9nQLkgKBjdf/7ejNczhs6BWLOUedD4XInjZ5zYSZCJJsxEMRzy5v1UvWA=\n', 81, 14, '0', '2016-10-04 18:52:28'),
(292, 'u+sx93F1dKtynm8fEX7CyUNHuGIeMAkTqVk5SlFckdc+7hwK6tqytD6uWjv1tSVplhEDxo6VImP0\nzSLEu9XorCGwOJOphRxsQeY8ylcfsngoE2QFiy0HdduRK7uESTNad6HLDcFloFLlwXcqDDkEw3hd\nfuFUDPcL571f/zii+ZdBhy7RLDBHq3I8LM7MYC8zEGSArDC+NWKsQ7e0czm/g3jQlHC8vh6QSCuB\n+akmPuz98SPs53w0bKVgnJt5JRrskxcmo/uplksLXc+DIacKZc7u27NkUNUknlXP04Et3k3eXZKK\nnUoa49b8yF6Hczup/SAPucNPVRFuReO4oZ2QiwWTEWDT5zRlsVftJpJeyErsGaCjdBpFLIUW8AGG\nOZ/iB1r9KeqnqAF3/GIqs2mvpiiyBMOYtkxMoaAe9d21/GuxIU6/szpKCp/yXDvxPnkBSwfbeJaB\nUzz5zJ1pAltXu1/dUkxi5fPvBz7OtD4V/FMRP45v51ivDNGVrmK6ECOTj6rka4o4ZvHf0ILGiTcr\n1TOwvLegEXqB9LEQC8HELkAbxc77LTwkh9yT5Gl6SaI4DCLuEXxleanpTp8DOb6ONn9dqmPwvNgL\n5cQ3mOPCsmzzhgTtCQYXO0zUKb+W4jgVBLT/PAV96F3zIaEoW9r3Z8qwLhy3I+SKgRW+bSkze4o=\n', 77, 0, '0', '2016-10-04 18:52:55'),
(293, 'NCICDIppvtuy7wClCSwIcJDm6G3nFhQjHaGmUQ4UcXFX81ZPDFn1iGo3jt3wP5TbZ8PBn8FLo4Wa\nCU8QADRdjtx0XJGBAsl3jHnB7MYTNqMQTfAA6Thtdtfwwb8tISSVd+Xrrr/U4VlAsKBzjMjaCWUd\nsiu0Q5M5nYfPW+AhM7XS+DaeqLzbPiHSKEQe7sOYKN6u1kI729XNcQe4fh8PM+VwDBkJP8g9YTEc\nmVnNWnlRKUutAKz91Q0mAvWjvYWBxUz+EoB1PK+akSyF1TH5DtSSXfp2cnAGbYTyINEDqUUnxRC5\nGU0LNFH8fPl+UquM0JypyF9Lf6yuyftiGpdcqCPhQg1+OukbXTmOtiVWveLh3HGXpQlKZF3Lz1D3\nTWHT7RR36ajZ/c0ZsVYe9wv8S68UBvPzj7GcODofSzWaWMdptnVkgA4YURtEqTvGDRetwJF+gLx7\np9TNvhd9IYYHXCowvSzZ76neuoIbTTSPnEHd1Q67wjLyPcxnV5nwBtMWgkkM7dTk8vj2Sxy8P9W5\nfLMnkfVYwR+izvYdFRKQGz9fw0Z4lCk6P1X4o1NUsuFi8nAwXEc/On1JLuHbMRoExcGNjmTtInFh\nrkSr8rSP9JVtrJ2hccQhqpjb6eJ7hP+TnEWOZwobdc04Mddg77wE5RewX32Gc/KDgHMU1FucT10=\n', 77, 14, '0', '2016-10-04 18:57:59'),
(294, 'elSxhLEfS0BA/f68uzSf9yJMskEVpSL4HaX1bkg9GHvdiHxDKXvxwIJWp0re9HY9L5w5yCup4lUc\n8Ubn6cLMBsrLDJo+DG/e+7QRG9we9SCwbLR8qa4FNhcmqxJclBbWZLv2ma6INQjkvc7LNxNo1DSv\n9Tvxw+pCvb+svh9efYo6Iux7vgBWXBVfTNsFp/K+WxfaqDrqf4KIA6xifWQSSbPbE3Q5V4nfh56g\nEz12J90kKwMzkLYDWsP7Gtx1Yh8xJ1EET2N1D4aFU1V4J/qMyrUdAI21ylVJdAbTmYH1rzINgAvv\nCxng4mmVNXfTJfboJq4U6qTnbP1Tv0XLk0nxwLpE0ZutHMXdL1V4ymRxK/VMfTSgfZerzu3+fTd1\nRdkS1XSyaldRo5ioSXyDiSZ9wGtFWv4jABIve6wEntsnU87HdYzz96Xfn0uP0eQNg6p30Ss30CMe\nA6zqYAsIzKZfInElA8/rHmcgbZNAVheJj2AoM2ia65rDtDIKa1egXaZsUQCOdDScuEzxkrVYXidE\n5AqXVr4TQ+5ZvNbvW9E4KJ6BvtsDm8KmPNO+aBPMpyuqzGdWLvbTpX9dbH6PwfK5BiI3m8wm3FC5\nooFeSWBRi88R0IzxEe34ZdQ1XEgdxSWxoi7Vc5Z7QBBBIKjpWB+PY0ZGdOh8pwLqYu7KGO4l7LE=\n', 81, 14, '0', '2016-10-04 18:58:07'),
(295, 'NCICDIppvtuy7wClCSwIcJDm6G3nFhQjHaGmUQ4UcXFX81ZPDFn1iGo3jt3wP5TbZ8PBn8FLo4Wa\nCU8QADRdjtx0XJGBAsl3jHnB7MYTNqMQTfAA6Thtdtfwwb8tISSVd+Xrrr/U4VlAsKBzjMjaCWUd\nsiu0Q5M5nYfPW+AhM7XS+DaeqLzbPiHSKEQe7sOYKN6u1kI729XNcQe4fh8PM+VwDBkJP8g9YTEc\nmVnNWnlRKUutAKz91Q0mAvWjvYWBxUz+EoB1PK+akSyF1TH5DtSSXfp2cnAGbYTyINEDqUUnxRC5\nGU0LNFH8fPl+UquM0JypyF9Lf6yuyftiGpdcqCPhQg1+OukbXTmOtiVWveLh3HGXpQlKZF3Lz1D3\nTWHT7RR36ajZ/c0ZsVYe9wv8S68UBvPzj7GcODofSzWaWMdptnVkgA4YURtEqTvGDRetwJF+gLx7\np9TNvhd9IYYHXCowvSzZ76neuoIbTTSPnEHd1Q67wjLyPcxnV5nwBtMWgkkM7dTk8vj2Sxy8P9W5\nfLMnkfVYwR+izvYdFRKQGz9fw0Z4lCk6P1X4o1NUsuFi8nAwXEc/On1JLuHbMRoExcGNjmTtInFh\nrkSr8rSP9JVtrJ2hccQhqpjb6eJ7hP+TnEWOZwobdc04Mddg77wE5RewX32Gc/KDgHMU1FucT10=\n', 77, 14, '0', '2016-10-04 18:59:24'),
(296, 'IOty9L5yyF7I9fiPcgNe0BDtR63Y3n3YqhfB/meonUdSuXWMHjcQUk0+p1yHKmYUeCh0JbdR/Vjr\n1rDtojvrmTUzLjMhSHF3eibcyAErbpFcpPvsqDFoYeKDkuFf7p/B+Sp4GJ/aRwouyqMda0NAEe6V\nUDz0Cwt47BvtrnRdcyz0NSpwP0UFewq02Li519duq/yKSZTXJufmvx5rgQObfOafYvpMkbzU6Xom\nx0/NA/W9LVaUJKLoTNtuwu7070SCVKmIW3hU8L26XQruNKEuXcCbV6HK/stJZ8KcSEqmn5fN9B9L\n4ZCIcTV5LC949LKn0yPWcrCs6cgmRL423w7S6BpXtUI0XrYGGZ85HvRoucp3llDVzQqU9UiQy0Qi\nQm5FvneMIUvfYpA+45iM/ny6FQsFUqUWLHfv13B5asRmnx8IzIkL16MRYc3xqmUlNcyBsyYLAiyW\ndykQ4X2ioh1r+6WhFX7sfM4rfFuC0LoCiljJLsihkcm5hFMyOolK8YYleFTzO4+EgpYGSwzHCvDs\nUzfsU5tqVqb+ziZ/e3yzPDqRsFuKthwNSHgFuUuhIhJsar49zJj5C53rZhpVGax8mlV6ZkjUD7yO\n/vE1po15Dg2dJIuAkaXwtOw9xXDaF8iLJYy9Ka5ILSHOT7SIKL46hFHrszfCEbU0AvP7/kW8usc=\n', 81, 14, '0', '2016-10-04 18:59:33'),
(297, 'elSxhLEfS0BA/f68uzSf9yJMskEVpSL4HaX1bkg9GHvdiHxDKXvxwIJWp0re9HY9L5w5yCup4lUc\n8Ubn6cLMBsrLDJo+DG/e+7QRG9we9SCwbLR8qa4FNhcmqxJclBbWZLv2ma6INQjkvc7LNxNo1DSv\n9Tvxw+pCvb+svh9efYo6Iux7vgBWXBVfTNsFp/K+WxfaqDrqf4KIA6xifWQSSbPbE3Q5V4nfh56g\nEz12J90kKwMzkLYDWsP7Gtx1Yh8xJ1EET2N1D4aFU1V4J/qMyrUdAI21ylVJdAbTmYH1rzINgAvv\nCxng4mmVNXfTJfboJq4U6qTnbP1Tv0XLk0nxwLpE0ZutHMXdL1V4ymRxK/VMfTSgfZerzu3+fTd1\nRdkS1XSyaldRo5ioSXyDiSZ9wGtFWv4jABIve6wEntsnU87HdYzz96Xfn0uP0eQNg6p30Ss30CMe\nA6zqYAsIzKZfInElA8/rHmcgbZNAVheJj2AoM2ia65rDtDIKa1egXaZsUQCOdDScuEzxkrVYXidE\n5AqXVr4TQ+5ZvNbvW9E4KJ6BvtsDm8KmPNO+aBPMpyuqzGdWLvbTpX9dbH6PwfK5BiI3m8wm3FC5\nooFeSWBRi88R0IzxEe34ZdQ1XEgdxSWxoi7Vc5Z7QBBBIKjpWB+PY0ZGdOh8pwLqYu7KGO4l7LE=\n', 81, 14, '0', '2016-10-04 19:00:19'),
(298, 'P9EYbxBYRCU0N1zLGn0KAi3uSXP8GroDKxCn0XDYi58dDpMFiF2m8ALjeO0L06IzCGYXSA8GMmgt\nc1rxQZx3LzVtZ4mZIx6/nWPiR2+RvPem3LbwEeRqzXrJvnMZL58buD0LnAfJRdguD3VNUq35XtMw\nxvgvvDbmJUpTQznFSYAIT7prfgOPN55gWB00hzIIXSTFV2NX/zuavCAscPOiZOnOo5w6VLJiCYV5\nvLQYs48lLPO9ggE0CsnA5X4IwjnQH7UleGLVzPeS5gbrk2vuq44o15lgE85uUUPqvmxLNM7lsrrk\nXWzbyLCVpPhII/Op2RN4MbIvX8oaWcLkAdSA1prnNtILDxtiBWWjZqqEEJ4mJe6Qs5qZ6LCPaUea\n0fYlrY/hGnTRPln78Er1zakV8GrCKWAym14tEIZ7LzCsrDdDk4v2Pwv4FneEgW6bLbVvt2bEZJUh\nQf0yCM461aFCUQ6LyA9oZEkr+6VyUVOLRbQ5Zp9DUanlkzDs/Bhpu7zTTzIoZWLab8Xb5FZ7Glyr\nN7ml7DwyEUqPmpYEYCkwqclylU0z4j0ARYj5c8x/c/M5eZt5+3ZsEt6ku+zMnSdJLtikMWKs6uS6\n4waDSgQKjxQhOo08oo2pQ/eZHJOIzN3HgSV38LcyIW9Wv3p0QL8GXZ/AZzZFtJk42U9/Cru+b/I=\n', 77, 14, '0', '2016-10-04 19:00:35'),
(299, 'HmeopP31q7ZrH70hOKheBZjp6yLeW1s0854MuuuYP8LFNjQXRD/8adO21xG5+Q62dPZHEGkha7gr\n2U48fRzn/VNyM//xkVrHmYYquJjqD0/MTACIVH4pDiZImL2bkDtw5MY4G/3nXhZvYelD2qWB2V8K\n22fQq/byco0TedxRZ5Q14KLrWBzgoIDn2JdSWVkmq2GxnzvjJ48iJwZ8iVAmo1Y7JNdotkPInE3j\nXKPDR0bztBp+Awd9nEC7qNcpv9fVUUHvHEXQWH/X5i7P3EMIbstE4jIMgF1IHMwD9kD5hKi5dWLV\nn06De8EYtjabj+Psi99jGgTB2aHm5brNh+y4/KO+shGdHDhxYnqIrUcOfX88WmfBEbrCOL2gFMNC\n5KTv6pmnWozNGq0NZ/4JNtvx12FqLXfhBaF68DDAupvg7qpnB9PEFnpftyWN0wPxu3t8JJXtYHhz\n27it7Zo9N7tpUND22MhjUAaLqnl7XErSH9hBKR6uWF7uKQLszTxtWhxhwxrv6mDGyUXDt9EUvu6k\nPG5qdLlTLZZPdNZScSUAYdrtSVbHUKwJljJhBsRW0xro5i660sLvd+eINKu/nNa8bx/75/xMNYHr\nr9HU0FG5r+WMEekPFjtO5ba7bZe7Y6IHb64ezwjwlSEnR8/G5FqjVsHg9IYHlPefXPiQwkg9a/M=\n', 81, 15, '0', '2016-10-04 19:19:02'),
(300, 'MhcMWhXRTxgidNlyIdUFP1TAJCJjLlbWuh3Y8kIvUGiKQEUu2pu1g+MYx/W1MXE95G9DvEhPHeVP\nL9CKUFaI+Wo2NufG+qH8QOVEtxISviRIHGZLUdQ3iJ+1QDHgtgaBkRtCIg3WwFH34v01r6o0NTC/\nv9ZOW6uO3Cd9iMqUz3g98S/aTr4reQLwsjUtk5oLVVaqcl0cUlUn6SaTYot22zSxsX9y+A5+f4b9\nlsyEvy/UB5e6885wjDHmi7cCRICuw8pzWe+hMX7C02aQQ5R2KnwP7QXjGztEAe92oJcPJOuZYPBx\nbafKQ8i9sf3Woqvog2wrnEs96RKOH5+BELC9so3LZRw2dw4DyH8OyXsLjdypK9bv7qw8WYqjpL80\nVjwubBowuIq+hS0ECY0wXsCyCNDT1Wj6h25Uu0UJaLsx8XyDHS44Emy0KBKJOiXSXaFA+kK6jRxQ\nk7IR+WtMDUqfDOvWLEhfjw94w+shOozHv4V8WJdoQWe5C4+UuwdqJ1TbXBZ+mCB9Uf3dOScwNBf4\nxxrZ++BEFTxi63XvdCeyJ64nq3xCfIekRvXa9fULBXxxIgQgYzcLQadGhodXUiOpOJ1r+vcNXXYc\nBn7H1+prxhvAxWuTJpvejBBZxNcx+VHejAJh6TNYdQNooqFSZY0MaF2ypyXIQXSxZuxoIruKSOI=\n', 82, 16, '0', '2016-10-05 07:52:03'),
(301, 'MDCFw45iVRnrUabwgBPhT7bZFqO+ZpVTyNffu0bTgobRTvAAZWahB3mJu9aA0fiRs0hvl84MZFPv\n4kLyPixn0tsYoWMKVoikezo3I6IWbnA4QFc1Ra4Nfl8S26B0ohwz+PgofllOrMO+PdR0GDIjw67e\noQkGXwaML/y4bPUb8RuqXxJPj2qffVrg3JtD3gUEb+Pf0JmGUVwqn+nWWMxnbcH697lskXSvwQYS\nmmefiKnCSLsdScGRUNMeTsHyG9ye9tDNm5bl+SdsII5mgr/UE52XAolH3OJ76we7ekXzw26r/alI\n0DNF4z8UxBqK5PyHZ7+6Uy3aPPyGyY/K2S3AZjVTAXx1K+nqLc5kRQtn6shktDv3rqgdHJa4WCmz\n4REsYLILmpWwsQFNb+WYKxztIhFWAVrOWG2OgkkXGi2OKAbeHa2yE0OhTbi3ti6LYTysViPRfHGg\nFrhktZdTrHryu3HX6cBw8Pyu61NQ1wOyE0KSwvIvksW1lEanOi2qG7M4tO79n7tFxNzDdrcH5E+T\nllEfl7ZuhdtGB1tCDNc/gnLASVHlgybQCDj+yf+M4x19lDqsfF1GJQc/jRM6uGKwLBJe7hzlNZyJ\nLi4IAa103OIATG0C6AJMUntn4iWXEvuWTnJw1UESYWyIaENLbATfOAjhxCUVDuyUb+mzTEu807Q=\n', 82, 17, '0', '2016-10-05 07:53:01'),
(302, 'jh8n5x/nZYGfeD6wzYyxY6BTN6j4W/U3PMqJtdGKWQQWf2QTcZjdUWE4ZDiBqBsjqAMZ2kCmzimh\n3j9jmM9aruJsdowDsbDMhyNpvIZnjkIz4K0/9SvaTitwU4QkyJdQdFZrPANf14Wi/uCP93Dk5Vyt\nJWMZd7lf9JmBC29g8aprS9LXttP3yUzm/O0DKUB6U4UAkLrlwUT+VC0cUdFq4u7qAd0UsCIl4Xxw\nhnWJfHrnG4lLROhiIax/32EY6dBiExYOTwwcyY6Zh6y3tVZVaH8QbIEz8fi7BZb0d1LReEEOtP2Z\nE9ejwq2cNAn0B80viKHIIgkuwfy79SZdQD7HXQafWkOYc41DfgitH7yokISJ5TXt5MCrY6FLZMHJ\nafypp6y0TEJV9Wkf7R64qwOYuXCHbC+7li9BSdCSkru/bt6IWfwcvotpst7o6GdxQG+lvtBPurHj\nLNaPal7xGz3h0kOYdPKjOYkg8awYX4m1W8Csb7TNifyBWWy18Ym3WdJOCG4LW2aHXGddzU1w7bYe\nEOkJGgwkuvOhJAVtJKFX4GTOxJhH47eKS0PASk3cAb3nOwdqIwqc1Q2O7/XuFxo/KEUplDTTaVjJ\nCd27EPZPaJBCxUMo3GS1GckgLdNnjxQZ+MUWpLR+7I7WCicD2+hzstrroUGMecGGSgrb42G7Gog=\n', 76, 17, '0', '2016-10-05 07:53:55'),
(303, 'iT39PegJlTJ0f1I+zOUNrMj8zDlkYBqvLGa/4OzGde2oXNOvBGPZTcdie3nwi/EUDznjZcstDha0\nMOC1ouA/zgGWJL0gYi/U1keNEA2XZhdMhFv+/Gha/Jp4b3Bwi/QRFEULnZNmbVMjmfzseJiMHk7P\nZLZ/0/fnjIY3dgBgCG2CChG2VjNzr2Agg+1QRBJSh0ZA9mZshL86L5qbsdOZGVNEVEXPznrhgAmS\n1+Jb5HSTT+qfXmk1H+t0Z+aoJfmfNEBOt6NIgRwyulSun/tYnKLjH8cdAdyLh/u/ZhFV0nJJn4Ug\ne4L7TS4dodGZwYQ8YvVZOxS0/fKf1Cwkkn+8JekiZUmIgjV9e4Srfh9fa8YQLChakFAn86kLQZXD\nCDgWtYfXTgIfI9+gInFqwkG5DW8NKlaVB3buhDqN6Ph8XTqsasH5qVptnWE+dUAM9AdLV4O0is3R\ngOL+St/dZGmcgOgMi7m9E94ayVoL2laQjHc6B8Rb7rvQ10diR8T+GzyGHimQ6wGQ/y5TX1YGbbMC\nYKYlOHH62mCfnPT/I7x3029lwUa9ICStV8bl06LH4J9vP5NcPOxveGsYJ07NouWOvQZrdEBn8XLc\nksNkiOqD9zyRupC5OL2FCPY1g+NHyYsiiQmCBfYYzXo2FuYEVt5LlyU7a3i9kOOxuc8YppHoERc=\n', 76, 17, '0', '2016-10-05 07:54:01'),
(304, 'z0DdrGbOUqub6zJ9Re/maA95rj5kGKwCRgPS4HcAAoTr3R2TR5nUgpuKhW+ybnp+PtvATbrKITO1\nJ9Jhs0X1bw1rgldOELn5ax8F3nMsI5oCeq1WPPeH/VFuN5cjTTefdhNn1VoI6X77C3cz6UqNmNHj\n55u6FUToQFbmx+OhN6Ci+w/EnD1Z34t5ufvB8EmZ0clvS7ERaFNvKf1TLlRQ83/20Lc3MNcc+Ksv\nOpZocon69Jc7YtHlgesrtpiNkACa7MicyhWzsBI4JMNJVm99IXMC5blyXq5jSVpe4tEsXMIb1LIl\nsronkRQ/pgLHP5KJepahCZMI3G8Wv9z2DtgFkCPMnGCPNw7L3WweDN7Db2fa+7+OovG+4zkgPo9e\nHiYIUNjVBy36Zmuf/jVu6+1P7qzQaFPPUO5/6oLbozesNXIR9kXM1EiO6bOdmfnAjji/Y8DP6ysJ\nj6HMMhZ3hjsRarzBt06V8i5/p+2WClaglsbEST+XXO8bCcTQBoVHiY2Z6+bBNrC/gIZc98o+K8xI\ntEAp9rt+++pc/K52+RLWK7s5p41noTnGK3Mp+lbFxDrQMLnGunsZwzmGXNOiBDxg36Zlp0HqNsvY\nUUtfyH9P4SkWKV+ry2yOs+ZF18o+b15QCi/SX7HT48CN0ua9AUZ8/ZJrB9wL+mLbUwXBbR827W8=\n', 76, 17, '0', '2016-10-05 07:54:11'),
(305, 'uA+CkmhDY/oAUwUKZXlvpKHWCp4xOPjsI9LYF50ZODrPmhwnD+HK6nTKX8ij4iW87C7xW+zjZ518\nb+LkkEaHfENHL2jnMH9uu9JgtOhVrN7Jdau4mlM4xsFMPRPLuEtZBxNzMzAvIde4P7ApMQFmCUJp\nLIPVOoT4LhddJWwxlxMzsxyuXpmWCYcu53iyK5pedCuqbrkoM0KnRwx9v46Oim8h5cuzSjeT59TW\nZ93UcLQ9FkZsGKHhmLYzCNNXcS9MEZHntiXde8fU0DkhPqi4gROvGbgPqU0mB2KeOjbxtkFlxtqf\nh7KY++Yz3JlTZz6dMD7aUqzLQtALoXCmHvZvMOFDGDy9YTuMi5o14Ei3OCdsl6Km/HKlZJzVoWoY\n+D0WE+999rPq3/+96+dvSGBYZHvhKf1WWzj63lA02lTpgyYeCXxxvZtV1OclHJdKvbS7juHzVp+R\n2VYr2qJOGYFWnEO6wti9VrO04Q0KI9Cxt2FfmL3CkDZQkymYY/mGW7+lZhcB6yYh8k7IIbIQNrbT\nGP3pp5Ef4bFBJ2sJyOGr/J8sAQ3YMHWB7aXvhuqSSkjlFGOzqBxFzheQUDxkE0EVwUVHtyvTkBGe\nm+bLMma7WwcIVk6glocMmA9EZIUlvPGCajaiGtJgbY0dSRMl4F8nqkkMaHkfOqFXusIdfZSg4ak=\n', 76, 17, '0', '2016-10-05 07:54:19'),
(306, 'imageMessage/306.jpg', 76, 17, '1', '2016-10-05 07:59:46'),
(307, 'imageMessage/307.jpg', 76, 17, '1', '2016-10-05 07:59:48'),
(308, 'zJYcXRlz+pX8waT3DVAYUK+iLlSWVJtpOUlD/demrE34JVsXCqYgdIE7WfwqOfcVKx7fO3ZJLnry\nUM8s8wy7RF/dmP3Z9zLEzTXq2ayMOMi6bxbhsHSjN000ZnTG6ESItGEM72ot1s9Q71FJpeU5j6c2\nMxqH/uNYXVYYsZf3XhP6xHI85/1d6kmOyLb1H/L3uVIqXuok8exBWXzRaDzd38A2iAt485VYPHQu\nDNsbbdSixIeO9qRHmhmGd2J+3UEvvW+SkV6euZUDYqI8CQCNo9VJQ+U7cVIkiXhg/Y7TBvFf/PCt\nU4C5cVwieB5WpfaYJqeF8m8HzLIRAMmeV2gIRnFglrjj+mronLvQ8Mv81MkEBehYvXhKE15c7vMj\nNZnxxjz6sJvfhGrhLKkmoWfwaSR5Zgkuu8xV7IMCMkz94dW9G2Zo+lSeUE3eqVkzrx4sY5uQ/X6l\nqpMuOMcKeCKXnusn46fh57iTV32XuajTkRbnYyd8bIK80MK66lqja18FXRAgqN5pjy+FuZGCTsNu\nr+88eUo+jTKHXELmVg/uS6M1XGE6YOpSMFoPkNCtNLlYAPSCyV/5xRWhUWRsDx9uZgObIt54fyVm\n1ZuNb2D7cfc3BD1aNOBN1T2W9q4d0mLcUQTkrKVEOJxKXPLRpif7DSZgQJS7YFconxteu3d465c=\n', 79, 18, '0', '2017-04-21 14:24:04');

-- --------------------------------------------------------

--
-- Struttura della tabella `MessageForMe`
--

CREATE TABLE IF NOT EXISTS `MessageForMe` (
`id_message` int(11) NOT NULL,
  `id_conversation` int(11) NOT NULL,
  `id_user` int(11) NOT NULL,
  `text` longtext NOT NULL
) ENGINE=InnoDB AUTO_INCREMENT=309 DEFAULT CHARSET=latin1;

--
-- Dump dei dati per la tabella `MessageForMe`
--

INSERT INTO `MessageForMe` (`id_message`, `id_conversation`, `id_user`, `text`) VALUES
(196, 11, 77, 'imageMessage/196.jpg'),
(197, 11, 77, 'imageMessage/197.jpg'),
(198, 11, 76, 'imageMessage/198.jpg'),
(199, 11, 76, 'soh5+1Um7P1pd0KewqUzaThJNjAfE+1OFtDsTOOeV9o1wxZMvIAYHhe3mjdg3Os3K/lBG2XRxr3w\nnVgCT4xBXYPqZwHojnZhIUFnwc4rPYFhd+TJ1hiI8GmjpwcA+r33NY1/C726F8yAK/oznRbqVnMq\nBPsy4nt85UPw4pPPNedzIz3fzhIC6ipcX7ROXTNXzisIJkAP41CYPpXPrxQjUdrMdfFnUK8JcycX\n/EI4ratQBs54g6431PsLyDH5fafwaQCUd3JrjoFL20noG6a4mvR5h2e1xARfCUIg9q1mburKcnot\nEfKNxxzvyYTlkHznIEV/Tugypx2lRM30EQTjem1OeI/KYNUBE+Dotw9nBfmI49TO+0XRPrHNLoDb\nX5ui6WYU0532n6FBrQGXkrGIPgZOU7AhEFGR38iucPrr4C3MyxJYpC84cPzT0Ek//hxn/U7eus9d\neX9tmHS5amA5EaUXgK7zNKEEg6BMTuCjWBKcDHiy8RbiT2KkU/yFpCQzQKg3nZ9cj5xoqBLDtVsC\ng7etybp1/jN69aoNsXaJI5GC9wtC8oYsUczLU5c7zVNHDm6mws2+z1lyVm4djd+tOvsmhFogmB+T\nlD/u4M3PWukn1rE/UYdbMZPvXCdLb53H8T9Mz8JlrXcRRtpNH9EKf7XaU+MHoMnEPDLFNtmwvLc=\n'),
(200, 11, 77, 'jXowT2XyVYnDeHHWpUIOcM0GCuhBOQttivH2vZ6EuAZXJ18LADuUJMVXOd76OQY2LqLUi0IIbFnc\nnXO807kV6EjHOsKkzJa1mxCQOSiFozpgyotY3GIsChxIs4wW7IeL6dNLzR4YXEysm69hDBwf4laP\nyC9GKnqnbQ2Vcyv0laAUPx24ROt+r8hpHHMKcNQs/5qXdJtlso/msQExqq/N09qSXZQZI7w3Zptn\n0asYg84oMSVync1JmXKqbW6/14xQvJyJ1iB84HPWJWBW30H7B7qwvxG2MExIz+wRk/tPpY5lGEMM\ngfAlLIfOmlx+G2Ud+TpniUzG0RCvg8jiXaaj+6dd0Ia5+ACJDG62CXFeR+DDpaQMV1z/+QyJ9q2L\nrTwre7vEUfcIRh9YzBYRjdTrgdm1sdpAoj99777hls+F8IXLUcInpJWFT5J0zyvI3FkJx/Se28ZP\n+pC8+IyBokaATYUK8zj+FdVqL2a57bFcUn9JaP3RV5MGO3bo5WjV427TcG5y1fSpWHAPtrVmsbG7\nUezOGxximBfGEDXuiSTNfunWx5YKh8wnblk0EmOn3+/W2niz04NIotMWdsx/ASGFj/S3X0Ny7g6D\nie8tDUDcPM7JUpy3kgw1P+WdqQJt2pFnE5FFSkBbKhGfRtkTg+wXOqpJVKkcxMYrYsNRoCPSTIw=\n'),
(201, 11, 76, 'QjODShKF/5bEwQpcbxX3C/1r5iX3BKcE3D+IutrhLrzeTl97HaXkmrSqt0btdHYuoOvC+JdCh4Wz\n8/GJWUxfpLl5gEqgR5xBwa0cxrFx/acwbvfwONtWsEhRBdwsr4euzSwqB/d1Da4xEaMB1Eb2tRZg\nu48WqedFZW1Brr76g4OEFhUEPZKZA2PrSBMAthn19btat4oojbAXLJeaBBhunQU79WVXfFB/uGS3\ne073z9InJXjozXbRDCjNwF2QG9y0lUfm8OcY7wDWdW4yHqXSkny/+pvbAcFKSjsW3FUYNzzwquDD\nhzZXK+DcRovYdFuVnwD/LdmM+1TvUjk5LWfVEcgW9ufzXdohiOIhszzPeS2mJNlEEWqttzcUEPA5\nC/UwwyqutBmNNZv6/v8dA5iVcvT8C1RAIc1ATNKulroJSravawWvMMXBojlnvkLBWOFSKKsAKEXs\n0bFteVkgUegtsJKCYl6GE9xDjRlkpnFF47/uFCf+9C7h8Kr+LM1pA7Lsk+4Xy2NWgZnTP6uINOoq\nwExHmTFAMbNaL1GzI9p9QNaBIcoW2RK5mJW4KxQDx3+HYTnVQsEwhTQYESRBWW7YSBuXPetuKNFl\nKap/dMmvec/OaMcsAMFiS/D6kbjggCS2fW/LYkIM5E64Kd3T+Em5MoDTpTGMnGY6cDQi16j4DFM=\n'),
(202, 11, 76, 'D12RnK3b3mthyQEhVME6Zyf3BWs6aBH7JoBl8cpOZE2VMs9Izyd9LEZ+72pNUKPf+LfC0mXY9OQE\nEqbs4Fn64+9ybJ8CH0wDzzwpkGYFf3TBJG+CU1Xfl4Exm0imY2CMGS3Ac8e3nzJ2ncNh+ncPuWZX\n2NTe9TJxIz/3Oyje5Vl3BsOONaFNhCcDcVJRqUDTAmI8O1XxQWpW3acJZQl/6avIuW6XnYDbbXBc\nJEIATdAzv4A/7CEhqLDIRnAOKAlu9fwB9GSiNPL4w0eTG3C0C3cOx9b4M0gh3C55gg9pniBScKo2\nck9ka3Dbg9moDZSO/4xWWr5DCgK4teokccByE8bFb/FJuEkRZRf65w1Q8cBpc6UxXjakrNjhuEY0\nG+0xtssmgC6JK2hk9xF1vLaTZrPmQUZ30x4R0viOFJdwnDL2Mbh1Ci1zUUyd+jIYEK0YdApJy6I8\nE/TjyHOKDW8MrgSExlOiNjQg6gPh2itM4/qSbnsS2LHy+kWC+Kj4aTzSl8036dVKZBx3eTi/Yr6s\nmCLUYo+WdNWRdg/Bw0qutZPRItec7iGPd8YTGigjw+dJLOJ0OB5wWmCZh1qTAz2LoqEoKnR49LoS\nKIYW16PENI/MFLnS3ekpdV9LJ/dyWK97IlQsVIq0S3hSLozeBf5rA/5+NOFcxnQnfd8/68kG5ko=\n'),
(203, 11, 76, 'imageMessage/203.png'),
(204, 11, 76, 'imageMessage/204.png'),
(205, 11, 76, 'Gq4rO6uRmHZ7eiukdGs12VKNMFk8MAxVpRS8ngWDFgD8p6urNIkx5SACSCKeCaYAtn001W9FpK9Z\nuCFmz1bLNaajgXyqilN4rS6RPld5tII0AUywylMQ5aIyU/pCMggyYIcYFP279FRM/QnB/tpQln82\n28hxzjypPleg+YRbkyQk7YS29y0yMQugzLsdJXrlo4i57In1kRaJ67VDcxQ4dgoemnKjgYQtKwyO\nHvnPh21kCiBJFyN1yVQbzVZFB0Nj1oEXmBKwSyhfN+MWkQjcfDeHSlSBm8g0DrF8BbxSpLBrbKb7\nZSwcWEJqutbgtgmbwI8eO9YZFHlZxljPd+NBqqbIhKWPYyNqybuzmkmUsZXAYv7UfbrMpvkquOdq\n50ByeiXRcfcsS8rQFD7fg5lVqvKJ8RBihK9GXjx2vEZPrBX/NybMzAAdQEGktg10GdjtocaS10LY\nJOCUaIq+QQA4iDSsKPXZp4hk11bHXP7cZV3bCNtk0gnqoBoso8BZ7gJBWLb2Y+ISo0nNp/ICPrMK\nFMF4T9iqp66PZwKLWNMruH/Gj4WayzKsqjO8/zL3wjdhIVTU4URIkg21C+dvSDPJzYmiCX7cnq2U\n6Y8HrKxLydAzU65GBvjR4NZxFj09W9wYTUwBz9HAD430PPrpXr0CsyU0sesxcqk+154N0KNwoP4=\n'),
(206, 11, 76, 'MmfDuI2RDh/+v/6ZBjuHwfsD3/l1hkBY4mN10MDXbzIRCqy2fC2dGOM8n8A0crMBSUlw+eB6tM7u\n6cCazWyYz80K30+TvX3TKxKQu4rtWRiDbcOUVPAHl6kSccoaPo27UFMl4JV7GBwvXYLyIXAWExaE\ncIcOamzryaHfev5mUD0ueOMQ8RjSkoK3PnIAxaUQd22ps9pLg9a0tJoC/TeNjvmIDlouacHOMOec\nMOi5L3rt1CNtHwpkkdYTnblMcmaI/Ri/jT85KnLI+pcU5/Iqlrc3tQ+AG3pOGQzp3IWQBlcF3+92\nWW7sWs9hdXrPe+LiyOVuQ6Zs7MAA5R2rhCXyF15ZzkFZu6it9cGuQVsaASIN9U8rF11GrggXl5AC\nQAgyxSHtaxSeslJn23+FHJuoS5n8CxkWJ/qhQTZc/xssXYpkif7J9DcDxY3jEuTMMXSGh5N4p1AD\ncF3muU7aAO7jllpISCDl/qONZPukNTnU6NK8aiBZr/D1u8+IAS5TPoY1kvmRVVZLvIOKc8ZuyzHS\nNIS21LxEEMvf4LmobPQkTts3yj4fqJnXOlDbYbLT2kUTxCo6H5NSeyl4ILS5axVW63IjVAFV5UiY\nqjnRQxZx2IBPpPUDWhq0LgpqFAbf+5wtZsrs6nuG+5IIG8RgbvPDydrSQtGip+FHANTY0IUiXuE=\n'),
(207, 11, 76, 'lC3I/rHiV4yt79NVT32kcEYyCZFeL2jqm3dOjRlNY9uoCfRYddU9FJaAhnicYlC9sv5GEPN5p1zr\n+zEVYWfgBHghoGyKUBqK32EXAnIYedrGHPG74fETRd+U74mAW7hUKLca5MUYIQHFehi97PRgApDR\nxaNjSMCTL+EIwOiwFP0jPOqrNiQKxlYk1K3xR3c8N8RhBhXS9WIQVnVohidiOkULPNLwNl8mkMr/\n5wM5uQ+lbHMagQ14uVN4ER/JKiX03d//So4/xPWaUg7uyJp76YtzvpxkAIgBlOl5HOMAViij44GR\nIZPRCJdkRDzQ/QULTFv12xzSacoQYMiu1ImSzwyKkxkUBp26wvZjHSis+SyWg0Y+gA0NeBklBFAF\nQjoqBnfy3FogSYT3AX0yiMr7zleXY2hW0RZhM1iQ81MHIqaPovDlVwKiXeANRWe4dwkI8FbhjETX\nroqb5e0SRQ6fISoOGP1dZ6jtha02kaacU/Tuh78SfUNYnmV/juP8oZDwN0ZVVrGyT/f/YM0vus9n\nI/7nZxVDc5JRwVk3Rrez+PgJVZa2zWpuLd/JuI9m2wDYCl8vVAAbdkVUlIZxMVmUYkAFdVobUbbQ\njicMbdV3BpDZBw89wQUJNXZKpmP7ynz7RBCBP8rI2m1JHjuZHPk/NHI33fUmkQ9lDoA/6FfQ4nE=\n'),
(208, 11, 77, 'elSxhLEfS0BA/f68uzSf9yJMskEVpSL4HaX1bkg9GHvdiHxDKXvxwIJWp0re9HY9L5w5yCup4lUc\n8Ubn6cLMBsrLDJo+DG/e+7QRG9we9SCwbLR8qa4FNhcmqxJclBbWZLv2ma6INQjkvc7LNxNo1DSv\n9Tvxw+pCvb+svh9efYo6Iux7vgBWXBVfTNsFp/K+WxfaqDrqf4KIA6xifWQSSbPbE3Q5V4nfh56g\nEz12J90kKwMzkLYDWsP7Gtx1Yh8xJ1EET2N1D4aFU1V4J/qMyrUdAI21ylVJdAbTmYH1rzINgAvv\nCxng4mmVNXfTJfboJq4U6qTnbP1Tv0XLk0nxwLpE0ZutHMXdL1V4ymRxK/VMfTSgfZerzu3+fTd1\nRdkS1XSyaldRo5ioSXyDiSZ9wGtFWv4jABIve6wEntsnU87HdYzz96Xfn0uP0eQNg6p30Ss30CMe\nA6zqYAsIzKZfInElA8/rHmcgbZNAVheJj2AoM2ia65rDtDIKa1egXaZsUQCOdDScuEzxkrVYXidE\n5AqXVr4TQ+5ZvNbvW9E4KJ6BvtsDm8KmPNO+aBPMpyuqzGdWLvbTpX9dbH6PwfK5BiI3m8wm3FC5\nooFeSWBRi88R0IzxEe34ZdQ1XEgdxSWxoi7Vc5Z7QBBBIKjpWB+PY0ZGdOh8pwLqYu7KGO4l7LE=\n'),
(209, 11, 76, 'X0WZ53urhTLtfUN11tIDhkGpLaKuwUp6sjbyeSrvxanX695lWOmpmTZnZinPd7WVIr/ij/cHYVn3\n0CHfS0BT2fBdOR992Zplb1XgWhdv/9+KPoQB8ZOFPxOaY4F9fEbO0q+dipTbvER8u/YXGlkrK3SE\n0jXmgksKIIIuTA3NEQy2YWEq97x2AD/M8QtMUppVujmZ9Km7t7Z+DPHDkle8TsQCg8AKISPWeQLF\ngyVVB3yaxxFNJTYSi/I9vLD0ay6Qston79os2TtArByqQc89F7zwRBKBuL5HdC9j7DZIvOiCLcSC\numWPx6xSxA4MYmg4BPvPqd3C5zhTx5b1wsZdL0QbftrEkcxExtS0tn8R+YKfv0tftCIXkCkR/iKr\npNu5BXN/k0SV0TzJOLMNsoFwKE0gX75muO2DT7K/rQg1/3ZnvyL4WDugIUP+N3iXzfWw+GhmnZSV\njK6Suo7g8fMwkr1GYSToRZNLzt+vlbg8W1cyAxxjG3oS1HHKgulg1xBzRBPOL47viONht46hW6GP\nqFYK4KfcwQLQ4DNy7QVR4ELe/H2WfReE6jmc4E+lCkXd9Tmw/FLvSrlEJwywXHuJyZiyGtNhW3PE\nwGxxlLsN3bxjwl2qUF1kJr7ahQbbnou/MIu70V1o8AGWTyN8Y/Q5GyHVJx/5ySdqu5OZHXgJUyw=\n'),
(210, 11, 77, 'imageMessage/210.jpg'),
(211, 11, 76, 'QaP0lfu4HLagXO/UQOc8HqTcf+CdVHVLgqkM8FqXL0QovWRvNX22WBuxdKnBRsDyXW3M//BY1pxJ\ngSLejgwFG2GCWx61z0jEAlPVFVYCfRcMpk8bPpRt5psq+a3nKpRDow5Inl9xYi/6POrwlpm5DVdq\n8oEYOH6PRLPVkm4fT339VDBCz2DDolfYraF99ZuBUjB9YrpeUB6I4/COSBcQ1VJksiEm9bR78CrI\nOVEKpwcnHvVYW+eSWHQ58rsqMxS/Ew3JTwBaPk3Jj1HxoLmyri55/P4vjoW+uKEpAlY6zS0IuOhk\nCPKOMJcqvRQnA1oo7vuvMvgIGJLBdeGOjpr0+CS7R5tqlO7kIowkErBfyjJ6N2e7LKHahuktJ4g9\ncU9qi0eIAqTsBLLSFrZNqf3JGhBVZYfCAy5ilDex8CzHDjeEwprIQxio3zNmX2b1I4nDJjqpM+dY\ndwPBx2zc8fbec4wUPk9NdOr+i/fXw/3EHsPBGbMcqpSryVYmMG4MJlsn4jFwYn3xZSoWgHtmA6nw\nJq0bDMYMYJ1pvvwZcq4cjHZMD4gHtoCnHBS7xZ9ZKBhtiz7QH/gfokNlUk3aaHlqfEjFYr0ylWhs\n2KinkWxUPI5bU33KEFmZFuTq1K7gu3i+hYs/3SKJA8Zj5gWSSYfN5moUgTF3jRHWy7Ru2gFKO9U=\n'),
(212, 11, 76, 'hr7c8U1LBA8sqYOaA+l6+ClAREYUYAbuWKfR7LjtMVk/hE72bTcW29v44ptaf3FTDhQJD3C7osoX\nnI5AlMLFj1gObfDiEo7ifuUWjzm0qYmwhLlm4kBo/Sj32PazZ1rLEksNSCb6jxzbklO0ETCwms5e\nFgj9P6b33aBKdY+ueTgsskb2PnlcsLb8l/BCQc+9oXJYXutNUO3MrRCjfxSeJ6mKqSjHuw33IFNW\nzWaj6FeShDgHITAgRsrUIztUe8ImlhbrJtXPw3dWX+Mh6nHQykP1zgObTQFK3C+0maN9x7sHJ98h\nYukmeaPP6CMBMRXZQrHoiSilsiHzzof5VuAyEDBuISdKxDW9HN9VXxtMgrT6bBV64Pru5cfu6Tua\nweZlNeowR/JjWXWcxoT8i//GBHmTyG/pC1+xUkWvbsajDHYQ8Wm7QBmZ1Z+BkvSzLMbAR8nGcKcA\nhEeLwxXrLOwajfMkMos4nd1pAoi1rNo82Qvaf6IZpgFfuVhnsSbqoPp8fM6drf47lv9OvlUK+xMX\nFudIEbdwUfDqU967SkbloXU0gt7V97DaTE1Ks24+5NLI0Ho170CRYINQgNpeJBPAUadLCVCT7Dgz\nXPmFOe9NLhJ6X9c6HrmgpO7HHuZk3UFLRimS3dJFAOXNUkWkscNKIK10Mf6OXJx3R0gnbg7pVxE=\n'),
(213, 11, 76, 'o4lgZQKII2CsTkJDIWmBMadMxmiE5fhIGBvhL/Oq/zA+NBQYxmeKIPbSwpQNjx2iv6mWFSaOu1DT\n4xmeehiaV/abJ1NWw/PHkDSnluRmAbmwfW987Lni9bjpoI9FkPeaZx7B0+JhAqWwhquerHc+3rQR\npMnrFvF6EL2HSCskT4G+PMe9O4qS6vrfJpIh4xpBOoQTAmGzRDaqsuwLznw5Am4uCLkcGMB93xf9\nRPgvgZffZpEzoJLWF+FOwpyrkLM0MHb7tKtbzyMIcgop98JJti4IT2CgXuhmj6xnZausVDmck9z+\n1Sa0H7trQyt7GLsOhiL8WRdTeQg5hBvbDCtL+hKoqMJTPQWwaHUIU27Xua27tguQq/0hLW05a7BD\ncFfKbgnHTXL3VSFCpSP5yFagtzSjmo0PnelCAdL5ap1gapegEwG3bAS0b3aQ0bVYghxfwTBdOwV3\nqy/Upa+gQl3HNHgOrvYyMRs2ltuwkQAqlHWTZ6juxSJtYVofDDzNDcIcPDkEhjboqEHwvqHwVE+5\nP378WhX9dLdGAHV85uONH2q/FpeM9WA9We0UCB4DpRoTGunRIZ6ZYLvZkDnqzITmoxtZ6gXjQpGv\n5uA6gn52kR4zAtmT+SIvyNt2JzOiSN5DK/7Mvkt7iN+0JGIRRwMhtGqxNQ15ZmZnD7z49wUiVEo=\n'),
(214, 11, 77, 'gKwkm20S8x5frk13+w4xKitNNcWulg2Edq1NufTjernBCdJKR655DS0KJp3uAlteJ0WcEsnYNWD+\nU58K9Xy0fsaiZCLx14GC0hhdxhuHfiEfsTBJB+fgVWwZbwmeWKS+aGPfHxINVUvZOuS+YlARZ51b\nH/FcvLvraIfNI5QvdnOUXLDfI6oQ5aBP4UjcgWJ2jl4fUZUGJcRuNKYpVV4mxTUbyuH9ZZLEgAUm\nIkwpqNsEm0O1cEYG/48y9kOmTL0viC6XydneknkZy0loPSC+tewjPLUGL5sffIy1dJg542MVSacg\nBMKazj4Re5Hrw3w9tO47f7sX6oFqO5KzuBqJKA5o8I3vkAxWG23mnxCxJqSpl/cWg8m7YCmI59HE\njpHGD74iCrp+AcIWb5hMSUQyDFPbnY6Ez9J/QZu13SvdcmOmMJf0T4ROTXjZGXyzUOYS6gOOXgpl\nouvhbrHDEePTwExC8GXDMKqNx2v93hsIyv/4yQqNxdb90ZqKE68D8IYTeJa1d1sMskE0fwEHeMyn\n+g5tWGwBO9o+ZPHkwHaGEWWOOdQ+ntwjHnmNg13f0ZIwsXhEw+xFPldNcOBtyKb62BQuGsYwUOc8\nS2ncCkGhBqCmn4oqu5zlXWy0uKZQMCxVHZJ2HNHn/+BC0UHyAJXE1AgdNAuOhGQAmj6Xus15h/o=\n'),
(215, 11, 76, 'tH8ASK/9UaNFld2MkhtsP3bD0xak5NtoXGp9aCe3IEe7vaAZjXCn/sLFBqhRO7xCKIxkzOVi7fp0\n2omeus19E9HmoSw00G6DUJHu6U3w8GLUcWotO5LHPyXrvwpG2EZxCG8yyBswnrmvuKRImkM3Ox/x\ntxM8JKf3rVTsaH/reuewSvLsc9Bq4ZAAvWu6M4AYI2ymlRyr1NvqMDrhEIDOy0O6rjPe148DVix+\nRMFwObgIXOOqrkOG2aCYDciJNcv84e65r5UvA7t18o8yD3IgW8ao+WEITDEBa6U2XkP2XDCq8oEp\n2ncWNOGGPruTWGQg1lMHjkc/aLL9tph4CBm3Iu7SCIDf11yWsTYbLuRlODHN478svE9K2RBEbO7f\nYAzuvvcsjfqMR9XiOUyS1eNlilZLKsqOWKptuOHUMtnnnEeggRSankXtk1bd6Vl5jeUZTiPoBRyW\nh4xnbbLVQxVDfF0v07TA3NnmKTEQ2FTLFSrqVUUHqkBu3ZVQKYWbLkzzAXpbOq3EcwbEq9ay4fwx\nvlh3LC1qmMXq0v8RWdrEJ6rp0Qd6LnP+ffPask6prkhcENzYtfywOVCEd/U1b7TTJVgArbexSVX6\nsX+EgC8tI0kBjjN1NOYXsflLPYg4WnVNZe3AzQWwUPra9jluQUQYp2p6ZCBblXelFC7zbVh4bBc=\n'),
(216, 11, 76, 'AAAAAAAAAAAAAAAAAAAAAAAAAAAAAAAAAAAAAAAAAAAAAAAAAAAAAAAAAAAAAAAAAAAAAAAAAAAA\nAAAAAAAAAAAAAAAAAAAAAAAAAAAAAAAAAAAAAAAAAAAAAAAAAAAAAAAAAAAAAAAAAAAAAAAAAAAA\nAAAAAAAAAAAAAAAAAAAAAAAAAAAAAAAAAAAAAAAAAAAAAAAAAAAAAAAAAAAAAAAAAAAAAAAAAAAA\nAAAAAAAAAAAAAAAAAAAAAAAAAAAAAAAAAAAAAAAAAAAAAAAAAAAAAAAAAAAAAAAAAAAAAAAAAAAA\nAAAAAAAAAAAAAAAAAAAAAAAAAAAAAAAAAAAAAAAAAAAAAAAAAAAAAAAAAAAAAAAAAAAAAAAAAAAA\nAAAAAAAAAAAAAAAAAAAAAAAAAAAAAAAAAAAAAAAAAAAAAAAAAAAAAAAAAAAAAAAAAAAAAAAAAAAA\nAAAAAAAAAAAAAAAAAAAAAAAAAAAAAAAAAAAAAAAAAAAAAAAAAAAAAAAAAAAAAAAAAAAAAAAAAAAA\nAAAAAAAAAAAAAAAAAAAAAAAAAAAAAAAAAAAAAAAAAAAAAAAAAAAAAAAAAAAAAAAAAAAAAAAAAAAA\nAAAAAAAAAAAAAAAAAAAAAAAAAAAAAAAAAAAAAAAAAAAAAAAAAAAAAAAAAAAAAAAAAAAAAAAAAAA=\n'),
(217, 11, 76, 'AAAAAAAAAAAAAAAAAAAAAAAAAAAAAAAAAAAAAAAAAAAAAAAAAAAAAAAAAAAAAAAAAAAAAAAAAAAA\nAAAAAAAAAAAAAAAAAAAAAAAAAAAAAAAAAAAAAAAAAAAAAAAAAAAAAAAAAAAAAAAAAAAAAAAAAAAA\nAAAAAAAAAAAAAAAAAAAAAAAAAAAAAAAAAAAAAAAAAAAAAAAAAAAAAAAAAAAAAAAAAAAAAAAAAAAA\nAAAAAAAAAAAAAAAAAAAAAAAAAAAAAAAAAAAAAAAAAAAAAAAAAAAAAAAAAAAAAAAAAAAAAAAAAAAA\nAAAAAAAAAAAAAAAAAAAAAAAAAAAAAAAAAAAAAAAAAAAAAAAAAAAAAAAAAAAAAAAAAAAAAAAAAAAA\nAAAAAAAAAAAAAAAAAAAAAAAAAAAAAAAAAAAAAAAAAAAAAAAAAAAAAAAAAAAAAAAAAAAAAAAAAAAA\nAAAAAAAAAAAAAAAAAAAAAAAAAAAAAAAAAAAAAAAAAAAAAAAAAAAAAAAAAAAAAAAAAAAAAAAAAAAA\nAAAAAAAAAAAAAAAAAAAAAAAAAAAAAAAAAAAAAAAAAAAAAAAAAAAAAAAAAAAAAAAAAAAAAAAAAAAA\nAAAAAAAAAAAAAAAAAAAAAAAAAAAAAAAAAAAAAAAAAAAAAAAAAAAAAAAAAAAAAAAAAAAAAAAAAAA=\n'),
(218, 11, 76, 'N7VbKckojPRbuWien6VlYdAlmc6ohoDcWtEFp3tj44tg7XiEJW613umEPYWTa6kmKoRJ+zs1Ixwt\n8zCGWZpME8XdPhJyUzk0SIi3kkhd5KQg0DpI15CsfqfND8Gd0ZbSJu3heQodqOrXtVYvxaSlcm73\nTAOe8FkFv8Ceh7k8WREuoVY9SXv0d2anyUuOBz2lJAaOkwqAEdkyeOMv3maLgATHVLpeP812C64l\ndXa9oyDAIFdXF01NWn1t2IYP3wwWQIFwySCvXQnqjKK8NKm8e0p7DLHx865NBOELlMISMuj3HAdW\nWlLtpkGYHx6IjilgVs+15jK/P8k2QxH8txFQiyG0knDZVehjDDHbY1YILuCa5HW3P+5C61ia3MRf\n0NqgDlv1rSakgLal7T3/IxZ3NIak0EP8D55b2ra3AKRA1aqZXsdutQSKjEhuzNQRAeBwNIIjn2Gl\ncBSjoOKFJDEwjydgrn5lHjqPGSlCfZ9P9bKKAYY+VMe6nbGza58IlNZlGWK9DfVgQ8nySuv7OJ7F\niYhOQGLm5SYNsjrs1dtD+p1k3znp2aBylVqu6AMVtzV+hhBmKa+3CmYxGNXs3svGYFVKjlKJuQl7\n0Fah/tkWK6KTj+Z4efRksKrKUjIm9iB+SY6VFU1nrhAQzpSqZthWQZa7BJZcQHnxGyz2Os9DTD4=\n'),
(219, 11, 77, 'Y7xJNKZmrgoF2/xatN7s2rT/CNczkColN+vUlv+O7qW7aMYMjZkGkYpKA1QT/x+EaZeKd7eo6NuA\n/M5RIigQgv1hFw7r8WksAP5m7Qd68yNum6pvft+uh11Bq+QMLRZ3mloCc1MkAzMFGMZW5ZtjuPuI\nHvxMkK03uEMWQldIHqpyx72LbkZs6FjPKFui9o4pABDAWQg92iGX3xJGdaKSXKtowCS2RIP0oi1z\nnkS8hXD7odScEw8MIqncVH0udaAaNO+HFDtcztZPbiI8tqaCRvDqTagV6zWWfv69g3euQnGVWSWA\nanx7/Hetwd9NqqiGisztwJv3ujLv2WHqJsUM9Z+weZOYG+pqVVQ6r1HatNV2/JJudy4Bde2p+6d8\nv9YTulyueR2Levd6DjUfNb5KSxgzK4ceEwDU3LxU+sN8VkL9+5yrEdk+jthxQSjeab6i3+Xt0jJZ\nttO0ffA1zwd0rS/FLU4rZScE07aPA+tjDh1Kh2SlfXtwZl3qK6QOo0GYaim7YhhOMxCvUJB3aWEn\nOwANXfl5+AtRU2x7gecAI8e+nZVlUFms1NTGRj5wl21Q/Tx4FPQ0mU4Dl+OuVPEb07bXBBqrs3LG\nOxTO1ZdLbR4o8faxe/O7Y8Bj95iIC6DoPShABSG8biH37ZLFH77/PJnTVQt8TV6LpVlmnGBxDp4=\n'),
(220, 11, 77, 'O555HFXQrEfpjzJE956js2+8HgdCzIMBbiQKsAXCJtJ5bcqJWFRYPq3kkAHJ88g6oJOnvuFKFu3s\nif0UeNPfkVjwAmJwP78uMPLxbY6e/KMIU3tFQVBr3OowcIWTDETr89H17cCcARC3OtcqX8eCzl2U\nNvbQNo4bE3N1vsoedPyES9bhoJP+OUEeZBAoXzW8tX0rpvSVzKqw++hu3rK3S6ClLYSdt29mlKTy\njeum+32D3qTWEKdpMzj88D0kcYVk4LMfYalg/fG4a1Gha+ntPi8evrSO85eO6wQWOT9ZhEFc75Be\nFfi6Mcsh6ryJY7OGHdw55/ATWnIIGYT038T0148WOO9iaHd8vzKqOLDy9yMQZatRBoF+5WyJD5zx\nsgpteSoF7AC9KF15cUS3G55uanS4G2MKzDvrcEF8H7IzHLl9VcYXPi3y2i1zcYvizYhngHFV6TR5\nQcMr7m31+NG051zyvOngm7EXUoqSbBszJPjthPrtEUcrIhFc6PG88rfOq/exDfcPXkf4bVdA+dxW\n18lGdcB4vpe+vHnngbYRuqscEm1E3hJLl6tTJHTKyPvIpYnAoPWlVamnwBujqkYZCVPAFAg5gjv9\nSC+cNjZo+guGg8y9gSjasDui996JubujPU4jxHTSdo/2UDY8/BsI0jsA+4woz4SLhiqy3OSshcs=\n'),
(221, 11, 77, 'AAAAAAAAAAAAAAAAAAAAAAAAAAAAAAAAAAAAAAAAAAAAAAAAAAAAAAAAAAAAAAAAAAAAAAAAAAAA\nAAAAAAAAAAAAAAAAAAAAAAAAAAAAAAAAAAAAAAAAAAAAAAAAAAAAAAAAAAAAAAAAAAAAAAAAAAAA\nAAAAAAAAAAAAAAAAAAAAAAAAAAAAAAAAAAAAAAAAAAAAAAAAAAAAAAAAAAAAAAAAAAAAAAAAAAAA\nAAAAAAAAAAAAAAAAAAAAAAAAAAAAAAAAAAAAAAAAAAAAAAAAAAAAAAAAAAAAAAAAAAAAAAAAAAAA\nAAAAAAAAAAAAAAAAAAAAAAAAAAAAAAAAAAAAAAAAAAAAAAAAAAAAAAAAAAAAAAAAAAAAAAAAAAAA\nAAAAAAAAAAAAAAAAAAAAAAAAAAAAAAAAAAAAAAAAAAAAAAAAAAAAAAAAAAAAAAAAAAAAAAAAAAAA\nAAAAAAAAAAAAAAAAAAAAAAAAAAAAAAAAAAAAAAAAAAAAAAAAAAAAAAAAAAAAAAAAAAAAAAAAAAAA\nAAAAAAAAAAAAAAAAAAAAAAAAAAAAAAAAAAAAAAAAAAAAAAAAAAAAAAAAAAAAAAAAAAAAAAAAAAAA\nAAAAAAAAAAAAAAAAAAAAAAAAAAAAAAAAAAAAAAAAAAAAAAAAAAAAAAAAAAAAAAAAAAAAAAAAAAA=\n'),
(222, 11, 77, 'O3WNL9wBZ7oyhv0mEOqOLI0rh0CRDQV6Xlm6/oNvWhpeNU0WCoHQFWs3DaXXiMm7+An2uj/W5Kqs\nuNEGS2v5NfOx+zw4hnsNP/JQwpekyL9lRe4puGbLSMnUU7ZukyfDylCeXfqCDjjb945CgmPeeQcw\nxu8Na2e3GEklj2s1BehvrOaXnXSQlTdYmZ96bpP0jGDXDZ3/p8erkO8PNr0ZrePSrWZdmqSVX9kF\nnHcYbE7wEMQcWDkhT2vYKrxcKcI9pKbTy5ohUNWzJwFBklystEtuSA9T3tpHtFweNXhc7bZ8jYQu\nY+n81+r0ot9MPUsmbKgFe1OAFGULv4Zf/8X9VMhJJc8rqK5Hk+cYouJkehDVpDXNi8c9OHfNh4Ly\nOtNWQh37S372HHjkoRXNccoRPz4R/oIrqnriN9QrOkqhJts4xgIOdL+iJjinwBVS+Q30loESunut\n+DuvpRGOt8NhSXaMsn3SA+kC/U4EoHbuLu6PBKsezBlTP6r8GJBUVPhODyL8YVvyksOrDtMoB94M\n725yp+eBI/6P6iMKXd7jhWyorOCH++kF2PayNBHy79NdC8bzgb8yBrSyAL4HEKnM9kPTgp9dfYwB\nPjS2LEGb0obLxPskZ0VHVuFoSmIeB+UGZQE0NazEancvM4L/mctzu3axJVdJlHQGRDaJgHH/N4I=\n'),
(223, 11, 77, 'vU9n9QvunQLZR+tiK9UULU/C6wcKSsoWxBL3c6oxoaSi4oGrHKiM+iSxRjZt4LbwROzLQbc/YLou\nvzyVpEXB+AZuouKZ6Q3dlG1BHhIPwEmQJc7FOT7Cuf7/O0IUFnvUJBWwCSANUmFZarIC38BM2nuh\n8Pw01a3d9Ksu0BUme2EZwmkDy35crQ9puZWSi2+akt6IfBhRE5Z6XxUMdVe1x8CkVBV9ZOcY8L30\nI/ptJpY8ex3pZvtj/vOo354DhcedYLLiAYusSQJgIyv79+f2jici1MM7Olz7Ak9qeChA1KZzpKBu\n3wE9ytiljsTfWORnXVWPW3UOXQ7Y/1ZMp04T+9pH6tpOh7BZa6lJqw+437aEREhy0j0LCB4dnOhW\n+8H+X2MNMdjQ7hEaOiNJnJtUz/MoBgcYoEOA9pvqVEenLeIA7v93FpyplKi28wNGG8PDTnw+y94l\n5safR3XA/4S7crfK9HmF5rvKTiEHwMsN/K+1NVdrfMFsY0kvMn4hGaQFdVnYjPcZeALwF3mvmjG3\nfmq1ouC2WguLeGbB8ZmfYzYzXj9aZI4o9YdozI0Ed+SXycGuv4MQ8j1YiHsAm6r4WnJKrElPeE55\nRIhOatW8gH5vgof7UaLrDsVpdJAc1lVsqKpsEOtrgpco4MjaAnrX7lf0BqI3Y+OTN72aGWQWr3Q=\n'),
(224, 11, 77, 'VaSjZaKOh2FyywJdmFEExXy2t2zI+ffNguCGN4R7pLh2zulW6wuuRMSoXee6DIEw3sy3tNFasINh\nqfQWC3p0xr+pnuhmRlCvU2tcgP0p9fRDckodSaLMoV8h5oBXkKXjmrUzvrRQX8KFHNGcoOU7gKB/\nGwmSWDR1gV4BJduYfXKcNEjqKt22Z8as/2PLzmR1UG7wsXOOob1J7xs48aBkpVOEXWKo0+sFvOze\nEbdx8nAIXH5HrEK0q5Q52y/s5HBzZlz3CrjwreFramPyz1PdYl/UAAOCEL++qJDxpZP9E+VTETK4\nZs3jBXdGqGY7U3dvEIGUfKnZ/axeFH6yM7Ae052MXURq5Bk+zDf0zzRveKEVkoS5atQ+MdwFkwJD\ncJBBYvVQFVCU5KZIJjgPcfo7X1F5HN2ZyAtie+rNJqd2DgcPmHmD1w3dp9Mg5rGIpUnykKDTugMO\nuWA+xaYPui7c6eFYZ4sw34nkycxXZ98g/tFUPAOVUGHw+8MO5rbQdac8nI/SE65IvYLhv/udWCME\nQNgWwDcsDimhGV6mCJpeKEc79IzSLerSLyleDKclG2YzGwcv6xDAXOz7NYV1foA0tXyFiscMfQGQ\ne6j+MJZribyHUQzKo0/GcCVNwjjOdBNQl44Q8ZRZKVksCypK2zwaSXgaG+Fh4tgaedW4XJHu9C0=\n'),
(225, 11, 77, 'VaSjZaKOh2FyywJdmFEExXy2t2zI+ffNguCGN4R7pLh2zulW6wuuRMSoXee6DIEw3sy3tNFasINh\nqfQWC3p0xr+pnuhmRlCvU2tcgP0p9fRDckodSaLMoV8h5oBXkKXjmrUzvrRQX8KFHNGcoOU7gKB/\nGwmSWDR1gV4BJduYfXKcNEjqKt22Z8as/2PLzmR1UG7wsXOOob1J7xs48aBkpVOEXWKo0+sFvOze\nEbdx8nAIXH5HrEK0q5Q52y/s5HBzZlz3CrjwreFramPyz1PdYl/UAAOCEL++qJDxpZP9E+VTETK4\nZs3jBXdGqGY7U3dvEIGUfKnZ/axeFH6yM7Ae052MXURq5Bk+zDf0zzRveKEVkoS5atQ+MdwFkwJD\ncJBBYvVQFVCU5KZIJjgPcfo7X1F5HN2ZyAtie+rNJqd2DgcPmHmD1w3dp9Mg5rGIpUnykKDTugMO\nuWA+xaYPui7c6eFYZ4sw34nkycxXZ98g/tFUPAOVUGHw+8MO5rbQdac8nI/SE65IvYLhv/udWCME\nQNgWwDcsDimhGV6mCJpeKEc79IzSLerSLyleDKclG2YzGwcv6xDAXOz7NYV1foA0tXyFiscMfQGQ\ne6j+MJZribyHUQzKo0/GcCVNwjjOdBNQl44Q8ZRZKVksCypK2zwaSXgaG+Fh4tgaedW4XJHu9C0=\n'),
(226, 11, 77, 'CsbFa6Eq6EuAzopMEaTrCsJCXriecN5NH640POpeG/ynphFgkAJM+emaVWWsxNlIsFw/rtlAeJ7m\nhWByfFWEV/SdbEAvxfALhvTcZVw/lfBL8QiK7O+Vh1E5jl05Ch0DJCsG1hWA32DcWVq7GzxZLDDh\nFMwbj3gTQP44t3+24xavcRNeQVoyRZisaelZOg+ov966XpW3UbHWOjZAoqK4kNSUI1XXBLWyS21P\nef4PbsEU9CAK6G0zmwrf5FwpCJOZFGIk4gP72SRRnHChT+ADeimSQwAnXa51reRXwqzfXt1+66EW\n85BtdhhvhTc8yaxMmBvp5umW/0K6mHWYL3svVYdgXt7J1gIApqA97BOv528LPw2xqA/CRpIjUfsQ\n562iycJCK/1/5OPT4d/6iqMAZGIAny5Us5x6bcCQhygZyG8gznr01HybC95zWLUy3e9wztgw0nPy\n1wWOUwZlHXvSudWCgx7+Z5KqzJ0yJk5KdroGQuJWPXUqrBwhny7UGdtCPW3HbC1z8Q8moplMTCmJ\n4i3U2zuHKbBmgij7JFv6kjecWTj19ooWQNJsY0xW4KyuVzKI2fKaVpLJAq67MEIyrLhtFbNMuw3t\nGbGFCFhhmkzIjCZrEYS0/chVAhDovXW1xGU02T3Vm9RB97k0Kv45hVG/0Yq9ieTycTq7RcyT8dU=\n'),
(227, 11, 77, 'CsbFa6Eq6EuAzopMEaTrCsJCXriecN5NH640POpeG/ynphFgkAJM+emaVWWsxNlIsFw/rtlAeJ7m\nhWByfFWEV/SdbEAvxfALhvTcZVw/lfBL8QiK7O+Vh1E5jl05Ch0DJCsG1hWA32DcWVq7GzxZLDDh\nFMwbj3gTQP44t3+24xavcRNeQVoyRZisaelZOg+ov966XpW3UbHWOjZAoqK4kNSUI1XXBLWyS21P\nef4PbsEU9CAK6G0zmwrf5FwpCJOZFGIk4gP72SRRnHChT+ADeimSQwAnXa51reRXwqzfXt1+66EW\n85BtdhhvhTc8yaxMmBvp5umW/0K6mHWYL3svVYdgXt7J1gIApqA97BOv528LPw2xqA/CRpIjUfsQ\n562iycJCK/1/5OPT4d/6iqMAZGIAny5Us5x6bcCQhygZyG8gznr01HybC95zWLUy3e9wztgw0nPy\n1wWOUwZlHXvSudWCgx7+Z5KqzJ0yJk5KdroGQuJWPXUqrBwhny7UGdtCPW3HbC1z8Q8moplMTCmJ\n4i3U2zuHKbBmgij7JFv6kjecWTj19ooWQNJsY0xW4KyuVzKI2fKaVpLJAq67MEIyrLhtFbNMuw3t\nGbGFCFhhmkzIjCZrEYS0/chVAhDovXW1xGU02T3Vm9RB97k0Kv45hVG/0Yq9ieTycTq7RcyT8dU=\n'),
(228, 11, 76, 'iKiMZL2D5igHplNxiYXTs0Tew0tzb+SyXFJMAxXuWbeYYwYoLtAtxFrV8zS4KNFcjRR86WOcJuQy\n11MZnxm8e/mfOwYHNs0n8wbYurIJKbB2JjNu/jv6jFmmRyggJoQOPOaaHK7N3x+DrqM5SASmqqQ9\nhdXIQfDl2O4n9FE8iUkZqJuN0Nu2bAS6E7xtd3LmFy43r7iopVhOgVyXDEGqBWawBmbDP08braeH\nEcSO5BAp4c688ZGmMUNVft8iEyx/ckMuwqD901mm3Y8uox4k5oMOaJvzt/Sf1v0wbHcZjGQbxyxY\n6E4BHIMzy1NmMwK6qBGTz3JxTRx1xfboesxgBxGAIkZqzpE3ZpG771RkqFCesmXgF0di/7i66IMa\nwu+ClGwU1BtLMuarK/7+3jMd6BohoqGxravYsA20nlByPCO8Akbvlr/3WzSgiXjxkhihaswsgu/s\njVzCVKXdbCc5dskkqJpxT1Hice/Ts//jxQIVvNm1DMOjpU6xoVXfCJk9UZS24Q/mUEl2d0f3Bfw+\ncdP3O1cMtXQOyw8al4gKq3QYfxYMrD/QZRVWG+BFExleUkmFLBJBZugIt44LQSbEHbq+gXciSAH1\n/bbFEQJ9YFzuYl6unM3rrejn0IuK2Cjats9QarJwLvcI7dxwVJ8Z8NdqvwbRvStz7brpu39N0PE=\n'),
(229, 11, 77, 'imageMessage/229.jpg'),
(230, 11, 76, 'imageMessage/230.jpg'),
(231, 11, 77, 'imageMessage/231.jpg'),
(232, 11, 77, 'imageMessage/232.jpg'),
(233, 11, 77, 'opAEdkOThopVAnu3X3UuXzyp7AL7H5MMo+KEBtX2kO1gAyXC/bYe22JhnQGOQ2rRV27Uo8+WXtpX\ncyDt+H4lCge6PUFiyJDJhmtQB4GY4pj5c6tfqwTTy0bXJrLcv5MBWGf1F6XTJ+gB4W5tozhAwzSj\n2yGrFfq1o79FlZ1S7UkSAWa478o22uysn6ni7h5zrXTPzaAo2WErs5ma7iwXOxuHOXO5UpkEu50J\nI85zfnDnDNo4H6ZPxKdD9hjX/24poN1zC5FYHqJhxreqFYjn55BkAn+k5CQ+QOcz6nAxzZLJC28Q\nBKLi1NEdUPS1yXz1jb/A6dXqr4K2B/X/0EJEEuAuh9eHlW/iKfd9B9thpW1DzwXbjYWrcbQTXeKJ\nh8kojEbiTI6Hb35kRfWxUj9X5t6KBIgaQN74F+j047NYVjfUpV/LwqcK680UEgWsHNbJ1OdqwfK7\nDFvxXy9ftWB7tRGxKJAoktluijmWsHkhmCwR+r0H3bsYBTqYT5pbReFRzjPUXB/l8O6dU6Vzdurd\nCkOhtUQ3T6CfR/8ZTYp88VVa9DzdXZN8bdxBUzjOS066R182a3QH32afmQos0Af+gZ+zGUGk+fAV\nwvMXSIkoULMkW57cY0IjfpdszL3Pk7ZfL93sSfI+It6VYLpb2wrytswkCshdOw2TOOSpKaIjs6s=\n'),
(234, 11, 77, 'h1z9cbnBV+f9xz2lgFQg36yIKj3I7Bf9kioD1alXPY2b0LxTnI7QlpBsoqFFwi2osJbjSY3bhfGm\n7oRKRX51unx0daWdbuExjWVQWL1Wlm+cnsfcr2mTymsSuKMdDqbuDAdHC+D1rYAenSx/w7edmcZJ\nIjnWyXnTymF7/sIu564oyW9cREiVRVedRMQTa2XJMGE/RVqzKAKZkekC3ZMksdXq6Mg8wX9MPCsp\n66+911siAVudftNQE6QYZKW08jTWLWxoanrgleFD7qFt1nUFbUlcIWQdoQ5LTAptGvyf9l+WzhtT\nXtuMj+f1BNw2YaXJyqN0w4vnjJjcw/Ob+eiAgNKA1gR1Xh3/5+rDNDZr2B3JrJl88RUwlWbiPb/q\nzpiVwVdPnfHODPAlvBzM7Vz5tWHZJdfC4T4gl+bVcAtS6MT3bqlgAMhQ7/tnd8/hefj8WqjaEVyg\nH83kUfKh7tlSM5Ihy14eb1NQx/KyTNx5pt5pDcHww1tGTf+bF01rRtOfe3q+jruyEH0HT2ESHeQu\nBFG95j7cYbQnXIICCvykkHRu4UPL5g5SBsYm/hsGPK58iu06xLeI+vG65Jd/tXOm3W+2LN5pDgX+\ng6hLONDG5u/XojreQOd7DsvR/hvP77EYyh7sjRk8hq/bwTXkRRwTwVlhqKykwdUTLYS83HI9HYs=\n'),
(235, 12, 77, 'FGd7ge6KVsvqxhfDYaBLmIUvvRe4lwqvA/shflGDpbb4bHOEqjyfjg5aQoMcEKNGSub3GGkJvxVV\ns3uHtcwaEBkeSeTz2M7yHK9sjKxDRLl1k5klDhphk3SBnVgdoTjrQAKj2yckvAYXeDIf3FBA/LDP\nFKz+lK1IgPdqZU4c5zFhYBJ+F1d5uVTYFS0Or7wF0pkHVNxfsHYb4t2/S177nfyNU/8XbY7ahSNl\nUBiDZaBGbrQ6IOhJ78/qM4NqShVw/blDT4V6LQlk7ESlk4SjOviW/z2wK+j5O+/agoOiqCkco49w\nPeeHHAWWORHolJDpdgtxInUlatXYwUcWNVY2N2Hj2/iAFxvAhTqFoJaSQCsFpPmLEiG26asNY8g/\nQHICUyxrLGl4S7c0J9SHfdkkgd7AKbkMtyE7W/ohEdeGxBFvmlt/ebYniS87XQc6rgJoYbKXro/5\nVuv34QwnYo/cIAodyBeE0Dr4ggs0RS1XNKx1OiROKexhlBqusSW/zQ2ZvwuvQ+NyNOXemvmG4KQd\nnIzi/nwtoNeJh9x23RcgxKqBtTQSr288WlAIjArknzcIHygiDViwQG2hnE5guBYv313cl4w6SKn0\nH4If8cdK/GsMTIn7PMWGMDPsC815fFd8xtu2p6hhrJwv3SLKp1sS0uWLYPnDCRrxCBFUe7/28ZQ=\n'),
(236, 12, 77, 'rKn156U7r5pkp5tC+6mtwlKktYGT1gAH3Ti1D8yMKgetV6vW7I5+SrjfQfpdIYsM1+kR8Vv7D8+O\nvQuPL/o/Iqwf+d3nyac5a7UxjjXcSxdRGW3j4H4QjcrMTfuyWGhzGJO+GM/qhrBhc80q0+J8s/hh\noYVRAQH8cOCupGlGACGk4nYYKOzy+WTjv4YnS3WxxRd2aPaDLTEq5pcnm403EnQDipZUlLjjCCmX\nR44lIxldGiSsAf47kfExCHoj2T5zNY9pRLiIYSEmUfwXkhxNRdZ/n78fw/XoiYcfaoKohUPRdz78\nEvoJGCDaeQGqSP5B8XCvy4iXiiMok45sm7GVlv5DDWCUl3qif2IX/KiIV+RjCAEHu4xWsSffsprO\nN5/eyjriM3u9MZH8a9OMrk7WJh9rmEv6dwXC97RhjfhYYYzJoC7Ii/9hJscUMeBf/U6ILsYue5Dx\nZG/LrRb6w+QX0h+VeHa3MYLTHrFnzc63JuHvsd0uWm16YnRQ3xZrb/97egwB88Eb5p4XF63RibS3\nY+zw1slN0XLlVrCMGgv0WzZ+YQZqwoRi3mKFI+hOPacd3Y3Up0kQAacyjwEPTvpr1KdVBuomvjBo\ni2Xkax87qE50MfCPMx1U5yV16kdTefqSr/nM2/TQm5ltkf+yq2sGamaOgb3Sf1skYh7gL5JYaBY=\n'),
(237, 12, 77, 'AAAAAAAAAAAAAAAAAAAAAAAAAAAAAAAAAAAAAAAAAAAAAAAAAAAAAAAAAAAAAAAAAAAAAAAAAAAA\nAAAAAAAAAAAAAAAAAAAAAAAAAAAAAAAAAAAAAAAAAAAAAAAAAAAAAAAAAAAAAAAAAAAAAAAAAAAA\nAAAAAAAAAAAAAAAAAAAAAAAAAAAAAAAAAAAAAAAAAAAAAAAAAAAAAAAAAAAAAAAAAAAAAAAAAAAA\nAAAAAAAAAAAAAAAAAAAAAAAAAAAAAAAAAAAAAAAAAAAAAAAAAAAAAAAAAAAAAAAAAAAAAAAAAAAA\nAAAAAAAAAAAAAAAAAAAAAAAAAAAAAAAAAAAAAAAAAAAAAAAAAAAAAAAAAAAAAAAAAAAAAAAAAAAA\nAAAAAAAAAAAAAAAAAAAAAAAAAAAAAAAAAAAAAAAAAAAAAAAAAAAAAAAAAAAAAAAAAAAAAAAAAAAA\nAAAAAAAAAAAAAAAAAAAAAAAAAAAAAAAAAAAAAAAAAAAAAAAAAAAAAAAAAAAAAAAAAAAAAAAAAAAA\nAAAAAAAAAAAAAAAAAAAAAAAAAAAAAAAAAAAAAAAAAAAAAAAAAAAAAAAAAAAAAAAAAAAAAAAAAAAA\nAAAAAAAAAAAAAAAAAAAAAAAAAAAAAAAAAAAAAAAAAAAAAAAAAAAAAAAAAAAAAAAAAAAAAAAAAAA=\n'),
(238, 12, 79, 'kWjCjUhEP1dy0h9CFSQi56vPJpzLg1lJsMGjYAp+MWLzKxnW5h21BU9BPlqQ9yiiejbXaDr2ZlcR\n48NcgaVVnn+KvObzziOW5EoN9hSDibfujy13OUICvBCqXYfVjuOlU5cVXHAi7u5WJzqgTfCuJB1a\niw+spGO382MJJl3DMeKNesmj/2E2CDYv+ZVh62oLTOKWkjSbKsXDjtL7bZwZx6dEbvuUo+HRpE22\ngSfuIqEy8Ec+IlIBuHaM4TfnCpas3D8xTrjT5MHIjeNcaBqyfIgGu9o9sWcmbg0+5ee+8J9kT8EW\nol9OA2oXOPPS8IDXaZESL8CwXZyZZ3+14rLrT473gXBids/5XQEds2rFwAG8lw4UKZzOVelzTqEi\n+2gdMxK5zznU0FEDReoR5IJ0gIx4eXvHHxjIkbAa7cUqtrW9KfMfO4Q9QccDIpRDu/S7Wxt2QkrZ\ngeWigDYocYm7SRN+L2/LhOr6tmEqsDWHoa4nn0Nzjdixvf4piN+gZ+Mtpjv+vkjwOS4RBqPC81pl\nob0SKH0q5Qc8195HHNb+9YkpSStoQcUIE1zXJ9MccxVr6AwVh8wMu4IWyDc+KW7bErgobPXEUR1c\nafXNuLMZ6olEveiI1yht9ntdlNZ9kLY22Sp/ixI4upNhE94WgQEMCedrXUsmdpAH/i8WPymePlA=\n'),
(239, 12, 79, 'YAkwc448Yi7a8X3CJDgoKnaCsoWNp5vbYm9anqi24PYxj3X5gbwrwCg15ipNRH4u8loQQIwVYL+b\nOOXia2H0r3B7QC50X9hD7dvaXUW96flpaW62vKCs2ipVxi2tB4m3sUPqD09JoGrclGSYRhf6gZKv\n2oKNl/cx5/1qnZSTxZXfcQyn8zZoVqPwO4WJRFOTta5PfoOParxYO6pmfhWvbXkFpUjzFExQXx30\n0cp+W4VHNRAAEtjc/r6ikIW4Hx8FGULtNBRJwavxpFIzLyMiWyfLpUsKPYIBoBurCo3bT9vQmosd\nbSFoIOKF8B1/riXjtIybYIuKaoHYlrEOsqgPNoVoj9DKPzHN/RlkFhdYd43gFKTBXueVnL/8djUE\nk0ALjn540B1RNkyBldaM+4yjDW07tWQSXQNxdKtQVHM6yyMerQGSvIQS13UoKxelGvp96RF8RjoZ\nj366EBWISLvXMWz4h/VBiKSXbOdRQfOWt+wMntk0hrZ0BBUxCwdYdrN3FFCmaWPCmPm0ObZqYlJu\nllONLiJGSSh+5UW3s4OS8Z2ZxDEZ8UbaicnFXV+P94eT4CFBoSdtFX3mRKDtgTvONEcvQwrVzvRE\nME5S008Fqtp4Npkt42yYgqajdKjWINTKeZFVnC8kezeedWU7R+u8ajxNKKInWrBgpnauiAEkD7s=\n'),
(240, 12, 79, 'bLyQhNsMyPJXuuTtZnW1JqwgD3Ew6ioMaHXszVr6w87ocZJzCKOvtGdHTX9U6ZyR2fqgAzrohP+6\nuqBvxvnrno2bQEIcDNVxhVjLZZTItR1+QiUrLHy7uNL5jF7NXZQkdYmnYUP/NGpnq+Xw2Y81EQX8\nH+q368GLLjAUV+mq65kU4LFaTRevlXw/zErQB8F6qdXffyr93qACcQwRp5FoiSdaOceFXA+MqQ2H\nQCxgC+x4dlnXDfucucVPysWLfSBag1hEs3WmyLWpzs9+wEDq4O2v+ZynBYNEoF66PlyTktI/5rC9\n0Zm6UFCcA05lRcJSOx7Jhv9MlUoUOa8HURFgmcABT3s1tyMYzusIPljTyGTszSjjMFjqm+NVkXYe\nMjJ32hM3qnLetS3Lag0J5cRL7hS3yp8kCgRuzU6MDMLtvZO1PpYKNEtZb1Xc9S4jsAoEIAOpzNHu\nVtuDyUtT5ajFoQuqAJwueab3HmrXM5crStx8MVCFUUqtknCn7mxAtKVvX72gQ8c6raryeiwqrBhY\nps+3vqb6ty4kb9jg39DVRUS0GGyUA/5ZVceZLv4lUoGqJCXhngZjcnrk73qGJqxg2TVeUQyzOzKq\nsPTg8MKLLPxTMPNIBr9B14LkYplX4smzoxkf0+KUgRtWuEWfM3DySgdib82/5APA+f0gvZpuEb4=\n'),
(241, 12, 79, 'AAAAAAAAAAAAAAAAAAAAAAAAAAAAAAAAAAAAAAAAAAAAAAAAAAAAAAAAAAAAAAAAAAAAAAAAAAAA\nAAAAAAAAAAAAAAAAAAAAAAAAAAAAAAAAAAAAAAAAAAAAAAAAAAAAAAAAAAAAAAAAAAAAAAAAAAAA\nAAAAAAAAAAAAAAAAAAAAAAAAAAAAAAAAAAAAAAAAAAAAAAAAAAAAAAAAAAAAAAAAAAAAAAAAAAAA\nAAAAAAAAAAAAAAAAAAAAAAAAAAAAAAAAAAAAAAAAAAAAAAAAAAAAAAAAAAAAAAAAAAAAAAAAAAAA\nAAAAAAAAAAAAAAAAAAAAAAAAAAAAAAAAAAAAAAAAAAAAAAAAAAAAAAAAAAAAAAAAAAAAAAAAAAAA\nAAAAAAAAAAAAAAAAAAAAAAAAAAAAAAAAAAAAAAAAAAAAAAAAAAAAAAAAAAAAAAAAAAAAAAAAAAAA\nAAAAAAAAAAAAAAAAAAAAAAAAAAAAAAAAAAAAAAAAAAAAAAAAAAAAAAAAAAAAAAAAAAAAAAAAAAAA\nAAAAAAAAAAAAAAAAAAAAAAAAAAAAAAAAAAAAAAAAAAAAAAAAAAAAAAAAAAAAAAAAAAAAAAAAAAAA\nAAAAAAAAAAAAAAAAAAAAAAAAAAAAAAAAAAAAAAAAAAAAAAAAAAAAAAAAAAAAAAAAAAAAAAAAAAA=\n'),
(242, 12, 77, 'imageMessage/242.jpg'),
(243, 12, 77, 'Cnf0HPqMteKsJEs+gerGty4lSIIMTnc+q4vJYBAv8cmMqi9fih4rXquNMRQkMvATRpyyy1FIAPpl\nTHDiVtp/mmNj8ao8sZOv4NfFKgXRyhk4qblkY8zs2MrvX9dr0tDxVWkfIjzSFBfeoCcTY5tXhUPm\n8BJKBKbwMkIPEIu732bQVri0gsmpw+2vySU2y/yL/IK+6Xz8AopNJdOuhIs/Dj7SmDgEZQQLlLFH\ng7HiiGrE8P0n9ZvCbAE0F15FQ59dn2KBxhYxaHdybzEAfjLcvsBB9WwYgJXWnvjTzBNG7X1zR40D\ne6AoWcTxAdP7sfJgjzCgnhT7T4SmKYANk8zUsBwFN+ZYdr2PbtK0GHbxpytS2BiPePkrwO1tGqiu\nrgVBsd/r6Wz29K0CoaaAe4FRqFcV2t3fYuNfHfBhjtbL675ECzOt4NqYQqf6WJ7naecbxcyVKI+x\np/QCBXZk9lo0HkBFSdEV0P3NRroHuN30c/RRJCLzc3t34dMZXdugV8aRNKYKxGOruw36ISgDYQpi\nj9cBfDDlck3fEM/OdWQlqUHcheCPlEJr61rDG+V7htFl5jh50WT+bXuyWK3DFuRQFEDWRBd0kzfX\nNd5fkgeis4dC/o6D1YepcU1jenxDGbQr8EBOtH9IHbJvRlm21PfGtqrL70y+5Btct+fwNAZLcfE=\n'),
(244, 12, 77, 'Fnisu8wvhBaoZXm1F4le2hn/f19MxxmLx2T3ORhmG8WHBYOD/t8ZOAvcttjRClBssJe+1byscjRz\nmY9JC/daptkdJrdEhzuQPsgqRkabM/V4+YIH9ra99GL/UV5CMWgLO7I4pNZ3+IiFVUyFjnicPqvY\nYliR37R9Ndbaz0iAwzP5CQRQKqyI3RdlvAzg+aUVZIFGBVGvLcIUy20V2BYl050D0cX7HNFHC3WX\nvsMEFU4dhIxx1eZvnRlxc30qJ9QvOEkyXeBwPTrqTFGOk8N9q7XUIp4PzEgFqqBJbHBnLuTsLj6/\n9OsiKkisKS8hUroR4jrt1ZSQ4mbAv1KK1BWY+38wmEWUdfnqZaHJ72KDGIPdMH7lhLmQO4OIxha0\n/AbiMFXERzkQaUzewwXyMJet9KInrNcrp3jyDPAgLryu8XHvFYnnP5KDp4z7rydKYxDUxFRa/2yf\nZFJJ5VioqQ+5gXf3iJcU688YJ4bhBhiNU+JDNT2udzA0NSS+ly9Sd2RkAnq4iF445V/ouAgW4ae3\nzAC+I47yfzB1KP5lowW1oou10PE7dzlGE7gVaajA4eE/0qP+a0+ay83fZ10HIxuRl7UpND/l0xoS\nmdtNBWRrRxg5IdFvYlIx0uAF9u04MX+0U1beaV2kOT6ZCcGo0Bn8m3FhH/0EhvSnH/WKHJzNd4s=\n'),
(245, 12, 77, 'Eo4nOZ2zGeSLvkRkrlz+qA8fi5cg5VjEd4o8AkDOIN0PkTBk/8jo/+M+9h+sGrOjPYMnjrg6VvpR\n1k2h2YdkFb1n8jvvbEit/zkrSbGUeezeR6GGrGAtVr6dfYz4mVJQRq5rg2GBVAY8JNwbnDIEiWK9\nhFneJLPxdcJbT8T0B0abGacGvkTW7laKx8k12QUYx0vXDzcA+RsLLoM/vfupZQn9VT1YRrSg68Pf\nhdSYmwEIfnDkqXvUOffPt6Qydm4z9yMXotOssQxjKDqe6UddNJXogSa7ZxpzRosjWzcPGaIMdvKf\nPv8eGBlokP7Hb1JCbZPMVU7hFcjE1BCLFcBkmeE8/K1SK6MQbSnJbrbaH6llABIgKsLoFcvika8G\nvOq3ZTp2yMDo4Hb5+g+rOKKhuOJQM13psx4cESX+OIbaUMPb5yjhCm7bUe6eCjRv2RgJF8vgp7Z6\nWD7IoM/25CLdpVRmnS+yV+zbg/2L8GgqncbY+MirHCVwDCunBQJDngjwoWsv0bBAHInGTXJ7OGNg\n3gs2Zi3uzrJm1/0BgdHLpzwH1iAgDU6QZm+vRyl3UlIUTzYh32aV4l9p0iFb5zmRupKBq9H0NoyR\nD+Z/jGepLBmoS0xGWhF+9VGjI1gebTutNH4M4b6v+RlMRx1PFZ1kHt5Tb68vbbVfuEIrqHCLcHY=\n'),
(246, 12, 77, 'C/AGM4Atr6MK98qXRoRhumg0j7sqKv0hJMhsxTGdNQnXOvHStXIs71l2GC4TUvtWdVyAne0ZA6yv\ncZehMHrE7e92Xq6mrXbWARREUsVPs/kNeFjxEv/WMxel1YmC0UX8giqSVpjnjMy8uq7PDXzpHc1k\nQOldQDiV4gxjvfsjfh06Xo1youbit5+wDUY3yvEdA0U++UixpCQjYyHx8RcqnN0gUZ1DoGkb6SR6\nlAzo288Vrv/IAWQxCytlfYK1fbu1u1SaAMxIhYBB+XYI8fxd70pCnNVXWaOP0BmBQ1FrT9A41jCm\nsHjvoWdTr4gc/uJNvf8Bo8A2g/IxdJUXuw3wVGQFpTI3wi8MtPQp07SC8qU+1vT7WT1DP9CXiazC\nFP3a27wjVFVE/77YYLpMXKBLeroG/DW0cXyFDMe6hY/ySUtbGCaG4/Q2mYFkcuegWMfScpVFgWAa\nNBqPoLRyocH4l9TSQi6gcJLhCKe6zjzx1rtu19xX4KpZUvlLW5xYjd0CLuucZMEOtX2F8aqsfhXC\nFLGbk8tjOq442BeZQvML2qUk/e4WjkQkUxuMo/lrqT81KJXddObB4ojBq0wQAjxNt/EkWnjwfJRA\nvCdptxfhKmvaKlM1nCgqbPF4geenK4bISUrsjrHhOMwHKLx0WfX2sOafPjSR8+2vf59/7W4uYt4=\n'),
(247, 12, 79, 'CgFrGwHDOQAma+MMavFdQMi73qE3C0fPtLyK8rKYXKWSk3mmRg/nscYyBnjtRUrNXlB0VGVTey6W\nF/x0Pnpz/0Q+dOSvgdytfDrGUAqqP4tI9/Xizyc/WuFxuw9oR6YGlkY/Bkbc/m0E+1F6beQCry+p\ngm5ZyVRNhNSl+lINodfUkvaUHMov32UnFFXJCU3Dr9r4zqby2fGw7Uo7g/VD0yhI+97gZXlGsgY5\n2qsn+L9J4QfKU1Ehlne6U6anAiY4GM0R807PBUWbEw5kkpjDR1DL7qDRBX5e40XkA//9LZdd0KhZ\n1VR9xZQZNThBsTgskmjGa4sJGWUzD4X+VN1QOdiRb0/YGVB8tGLdOH7NzWNF2EZhbRN7n7UuYc7r\nLFZh2s16ObYockuAXDyoLFxr6GC8N+gQ9vpKDWppYCT74A3TDy1pBintGCN5YJZPWrG3SZABTzmw\nYWiKdh4hOOThfldUS/BD+Mzdr17d3hQreN6lxUxNidOZcvj8Rw0MKE4fSxlf3sngamVjVkPg1GYx\njkB53IfxMxkbJ53m9sKL/++VGmKxhdw1JaaTBsJjl8xv6SKviX14dWgZpBMhTe4D2ofXAl+RAGG8\nMtSb2xyEzKTnE0CtdtO6s7cbTiyqqVakGkw6PbxdulbloXqqJkAg2bWdXuaNJu2y/Ep8cXtfm7o=\n'),
(248, 12, 77, 'Z3MkH2FWsHFQOrtTIEcQUKctH5Xr0Jn7tIVZfy6zDp6Ye3oN5QfnRQmOZR0KCMPaanQTX855m3v3\nvfBQbvZB4g6ifuy1hS99TOPePq+Fy7on6T3+oYx3uz8TEjQ0cvXUCmmvUGbd59SkU7+q1HoY63f/\nkHdlK5M7BhtvoSG6SXGXh/RFu7E/4H47wTMVsV7JmrzQwBqz34sVckRa8/iUDO/eixwieLXaxMcH\nRbJf7tDbUDnViPn5k0DfzW+9VS3NYRN/2toQTNHxZRa04R7E6meDo9vHfT+UWXyqAMOdosofpYfY\nh9cVPBmW7A12Q+1nJOKdBKHinwXoe2+NG8K8tBjUSqfy3tVbwdmZk+YEuueDLkAZxEueiP1c/AVN\nWp99ccDsv6Tl9rQY1pQ9N+1BBZkAVhfBGINu1gTY1kQgMCNtzJJn+u2Y6mw4VGU0lkepzaXuL1nC\n+3w3D+eR/3kyKeqG0Xnl9EUg5hQBUvtdf7vtFSw/nTx3FTU9Puy0FMP5a64qDiAoo2VfYPUBgWIr\nXfHygjlvtziuemAzzkn4byCNVuNqO5ZUqDdgR5dcnn1C0QbvrEc3+E23p3IY9c6NIuu/yZv1twFU\nwg0c2Qu29uyoS98N/20wwvdw9WeCbD2azfmimL5WHVmHXmpwxGdnND15tlnEyc25PVtB5IG7wgo=\n'),
(249, 12, 77, 'gE5qBRO54PEjTg9zwQK2F5uvtBqWgWBDHg4kWbzOrB1fKhGlnVBK1ujL8Trg+3isbpdNYLwutCXw\nLgr62a4LPj2pmuf+H3W9ReOWLXVho6/5gpDfgeg8zNOty2T6GJfcxCjcDisWlEXeoMDYpUhJxyH1\nbWKbR0NyXbKChcrMJo/KY6MqtzPdm+f480agHWo1Vm8sIZ3zIU1X+1rHyYV9VFfheU7zL9RXkmcE\nzg/Bb7RJJ4oWvpygR4b0Dv/miv0RPFXehWj/6SMvZhIoqHjfQMXxbw8KH9QR6ID3qcd/UMTPLiSg\nLqp32sjLYHiqdQpfZhn1qpa/zjLP805prL+VYVJsDJuuZsL7izSYy0fer8vT+9Vuz0rTGpA5qcDI\napGlU8DuUJFjg54gz57t1MhXvzaWM7aEHl7bYb2v0/8AhjzKmpZdpnZTuPN/Leyxbc2eeL2nL+Hz\nH+gW8dS5IcqCnHj8q6E1niPXEcVtOp9ntdutqZoGz9xsdh4nJKDmUs4wytiOlzvUzbfomGMxoQ6X\nY8bCM9YlGp75Qfgl1H1pF1qlbToV3IpEyqL741OuHrLOuhdNx9Hj70E5lBAMEl7jhxuXayCXxgHS\nVcDsd+XawyQH77g65bea9vSLSxgejPvd7BVkCCK8NuLfsLRkazvDPV0bNJHVS+j8RaOPbQdjNqs=\n'),
(250, 12, 77, 'g0PtMqDTnddSuFY99jMrfyn+YCnHHBbg8EIUeriGGpDujpOlXPFxLTjcD2g6HdVx3iuMYZB1Q8w4\nD/w60rgtcuGUsiU9bK3iw+CuXOW5Bymp3ptZvVX6KpNNRaa7cs8o9mtnCyWgp8fhEOM/1nmmFM0z\nLDz+8YrAueHuMlHnzRaQfyht+KhXryXRjo8gTittNe8IWdaAPb2WrjftvItjKG9WvBy5Rl5an6Am\nqn6Jy6napDyqQ8Oe0RPYnQiJSAUEZKDPbnmhEDWCs7meV8s31B+GIlPoKGDAeiCd1gLb0uRiV1J6\nIg34L76dp/L7wpicsxg0Iobnfcb6SkCDu6NPDdu2b16jAm1gtWOTaqZ8shjyCoJ90utsefMWQ4u6\nRNGAjy4L9M+ibPMJKC4gQHroED3vlGN6IMnEd67OspAQ9VfZatCHdpKXxGbnkTodupBVf7QdBdZi\nSdxYVdHyxnpnOtBOnYIyf0Wo77mbFJhd+ltWnb1sCt078Aqr5UBOJ7AHXLjYN7PrtTTOfYOT78wN\nkRMjj/Xo4G9XFbdWQS6KdaA6ZU2EY2lmocBGzmoayrHkIFuVQwmoMVgHPwZELPwp6AAgHKaq4ngf\nJnWIy3NP/uqlOMOoJ9eZmyTAenrqTw2wSjRAWC5OugV0MPIblUTTVbsbLoMV17tAqEqYpXcI0iY=\n'),
(251, 12, 77, 'FhdgVjR6PDRhtMfCC25nSM8grG2tsl/bRgt5Su+P/yDwU0VPOXFGojXQe4rWNjQnAOwIPhz116lo\napeT7hFcUaXicqCxFLLznINjsFsjJFWyZq9FEIN/CinLjZVJtK2TyUTOBMJsJPVpZwatwnBpHIOP\nzRoppTsS6TPINBn15INPMUVEzxvY/0Az63XyaWHvb//GTmEEFvsw4lJPirfttmjIEDXLZEDqR63u\njlVioP8Y/OtX/ry6V3qKsI2a0br286rfVjS1K2/Rj2P1AI7s4Lglg4mXR2rX708oMWUHATkSEupV\nHY+ita6mkDcDhdBCm0Kgn5ozcVja4tlIAYpxfmxqKelSIdkhnOIsN/R7JC1Q3KGV7lD7jrf7g7/O\n5r0TMaZVHL7l/sTdYhfMJIK/EOoQcxDupWFhyZnO5/VLAWuc6L/GQA14QsrtPBM8OgGPNpy87tUd\nyOrXoDCBmSFsl/avwXDXzT0Ze6MvBLicrVe66nLNu/8GOjGeZ5gIqXbWxE3xL+yIVferxA2CqRjh\nl8WmyOqbNUoU+hURVwXbyND4rDhwMFLJqOMGQvLfPgG6KDHjUje1RFZoaDg7IhVHY5Khl4/Jk9FW\nLX1U4+tfoknsyU0p8liTQVU6Tmn2YejpK+sytHwXgxq+KsXTPD2U3l8lnmrzhj6NPXbyHrILBp0=\n'),
(252, 12, 77, 'nH+XgYtrACZ0+xrdH0OysJTHIC9nPydYYyNYuT2oqNqB4hmCNbt6guWWGLjQD/+btpwcEkdVnBt0\ncrI7QG73DDmJCpDp50gnmvHjUCJfENuL9IalGqqC2PB4188vkzoWkD8Cs/+qb6THWUxj25oL3E+f\nOF5OtArhi8x2AZJ/bO8d8jIJ4qSXh7Z/pALVpwDo8fXzX31CWUCZXRuj+XBlwYH8LvLND44XpRrb\n5HVKf8rQ9D05CBHHxFjfHnJbOtJ2wqio25fqkSAqyRteaMtZQ2wB8Xnr/BHL+OyfmU0q5AnD4Qea\n0vr37ViUjc2pJQ6Y77Qom2kozesmx9XT8xEjrAx5YFEjhX9l5LDUZ0vFHuJOBH/UK/uo9Hx9JXtU\nosqKa9SSkNFdmL1LBZoZ6gmOPDbNufm14TAC0L019Wz8nkrQXunnV8ojFwttbbbyeboUoqElokyh\n6uuImBEqkjLQHSTHYdb2oTLFWDRiTv8EARXfwqL15P6edx7Zo6Z2iRh+JNeoomHVx6BwdcBDGEsX\nobxbpgThM6AeYpkL1iKPP9VgBikvHyDJ+24ge+UdfPE8cyskw4oYTuneIKwpT0CFfgxeTeM2FGDW\n8OUhbwFbsFLLfuncwElhrl3+EY/2kds0OwdIhaaxWARzTyikAMTdnT4TvsD3rdj13lh5TjdvOFE=\n'),
(253, 12, 77, 'i79lsHxEVhvQIxhntz300Vf3dTdNWacVWZg/Qz/b/egqfrz3NH5dUoGCbWHSbE70PDUFrKdCz1in\nwLTMGtSMUpflJiAN1rvnrnoFc3FYnJSIZ2YxKjE8hV4a2feZH96iXu7NsJvtEZyVIaj9nA06Xsdh\nH8iob+nuzErqOAt2GIKt/BLvHGh+9BZxBD0MAHm83GpUyHxjPHSrKCv/uN853hODgxYBdiT2V+eA\nfMGm3OYaW68MrG0CDR2j2dc8oScU85OjkKGag6bJHlOr7JA9ehlp8OyoIAS80TGWazEhjuY9pER9\nHl/1Kmo95NNYBA675X9pDbajOaoYFNHjM8NVew7QjtGpXoN0kWfX5ia8cGAtpvWcNV2nfSvh5AcJ\n7X+Qisg2ptN51r1G+E1nPo8b49vtPqBTiuE2wd11eHpluA3IjtHLO6dLQnb9QmCpj48QoyT/eFy4\nPxfaFcXCt+L+wlIJIDH2rfT/ZvsFJZw1LCFyq9evJNDAbwgFX5lnuEvtB/2gGpHYWwLH83Ysbdkw\nWC366jTV3s9G0JQyH5T5p6xo3ktQlShy6WQl5zG441rFLvzMq+F5H7UWJ7lpCa6cz8YL2TFpumGk\nnkg25IPhDkGMQq9DO/6ZjwgrZbzVVYDVyjpgNmCDWkam0YMXhjrVcbS7CDhaBEMjOQj9n1Tk0nc=\n'),
(254, 12, 77, 'f7UrwrNj7VpQOwOylSIXUR3PeFBEp1FQQTLCjNqVoP5fxHMjwpcwRKps/4egEhQziTSuWUKoN9xE\nUyDuB7uOsYZrQnjTMvleWJo6abD03HWOlXjLBKMw7IkCHbsCniJl/v0qcEIC9QCubG2CufNUvf+5\nnGZS7sxGxygHxoxfnEC39ekKxOxBpqahzDl7HtFvFz0CGSwuhuK5a449lLibjLmc77oMaS3OjHrj\nvz9LUBavpQv/L5V1TlxFqvO4DbATrNIq2t58nx2LwWP0cNWBu4AsNvuzTdNAnmPWY2nZGrVnc2H1\np5Zw2SumvKPOrRDl1OVLsorpaq4GPqriGgS/9Vw/FzDGkbsIOGFSMam82sl/+HN0AfmM0XtNXMGk\nF77zE/hPMHSJcNdnkdr2H+lhETqydcIb6Te/bycQPOtDwlA2m7WnDIGoUPMut8lF5H8se72jV6iJ\nC7WP63L7PTnJlURlV+i2SdyeVEsANYKmGRvoCuX+MwPAewpEGLpcfHfZCSiyJE2XXHII1wLOxp1S\nwoVsIXdWcj4w7AHvxBmcLAdqquoQcYZsxgfZ+0/rMI9IyExl7l+Hgh7gCVOdqkbPlIF/fpgI1c6C\n4CQQW+yODvX0X5CVBkNR0zFxH/aOfjKuThH22HyDHPIGDe7udam5PRnV6FJC1eWHDQSlj3TYaWI=\n'),
(255, 11, 76, 'imageMessage/255.jpg'),
(256, 11, 77, 'Qp112GqKwA/iyIpJVv9BAhdaMSOC511fRdm0dvZKawx8owyw5/cuiJcaHPu02yjUeDdS6LynWheR\nLid4VIMGjElNgiw9kPmhU2+n73gnMuomiCaPYmNkXiLICvvQtSNVvbFJVEcfevLHdxoAYSqUbyK2\nIxnfsjwpZuQzL8yiq1qytCAg45HZnF7AW3kTfqY1yxHDlHFVwqi55rxPzflmzTcBMR+mM9gRb8yT\nBroRwxKvRP3VhGxFpRE+KoCEfc9AKJXm68ACv7tYLvfbFBaBSLFzmILfkNsVA+Fr/X4iuckgfXBN\nA21vfUwxKNDbgt+cIjCfQeZeRlHG7FjWVkankYHNSgVO/khKG4iNrBmTrqP2qnP5ZskhwW+loYNT\n73/hanSlpcIFl7DGoSCO2OviWLZzGJvONyz1tClyyvoR9qlAz6Q8zksmqLf3RVfWI2ut75ihu/IO\nRtgGGG26zqsRb1J3vI8HDn7RGoOvoLM33jWbXSz8F0a/0Enc/H+D4nj1BWBLn0wK9S3GgXmgTA6u\nW+9/iY2YQCM0TGmBH8MG/WoNU0zAWnsGHk/0VzISUpE71OIyZRPCmFTjzaB0KMXo+wFrGDbD0qGu\nUizBcgkWou6BaZB9b0jZuYpysrLX8Mspc4rsRrFNcJ5aj7PsnUhDyahGzCkr1mS0/TOvJFpXMLQ=\n'),
(257, 12, 77, 'imageMessage/257.jpg'),
(258, 12, 77, 'imageMessage/258.jpg'),
(259, 12, 77, 'imageMessage/259.jpg'),
(260, 12, 77, 'imageMessage/260.jpg'),
(261, 12, 77, 'imageMessage/261.jpg'),
(262, 12, 77, 'imageMessage/262.jpg'),
(263, 12, 77, 'imageMessage/263.jpg'),
(264, 12, 77, 'imageMessage/264.jpg'),
(265, 12, 77, 'mLKIuEqXcSEZfpWU0+R3EogbNjkFfsdOspdilqpCm9IQwn1jqDK/j3WIBZiuu6OaQHCm6iV9bzM+\nRWofHUMRGFPQK5UsH8L9lgFFkbUHGH2a5MkDllVPKPiZ+esSSc2q5PDVesf0HfRZkXikDRnS8wh1\nH28r7iTRGUwEP+vIdAGNTouEfAMWi8ytatd5HYSK8Oaiobybwq9k0b4YZ/9uEi1VssEJCdbkU7sw\nPcA5lAShsQwaOStO+j9SoW11soQzcrDA4vLd9XpIFaX+YnFGJ3kCqrV5Ne0TRq7vU79nNJtAdWyw\nO8ceJuImCv8FUobAS6t+w8+hNrykmczT8dIg7KSBDlc5zfcsgRKpEdsROalb9vfzEl7fxoBkl5Yp\nN5KZcb/q9yZH8ZQWHxfrian87zGqIY5/X1TloRTRBkgDiccm/5X+Bm2qWseKLMkOsDs5VBuKyutp\nWSy63oHOf92S/6VF4OL8J8psdWShzQGhxnjqoFUSTDQw6C9tJON3qLQenTNnhTWKqdTMbczwS+lQ\n5kQCN9gtsIYOj/7t5lDDEPuc0hdZNl1PUDP0yMhDfcGBSFLPf8GgESxw4b5X/C3SLCQfePwhdOmh\nigDpriLIkWGbsY7Dui9nQLkgKBjdf/7ejNczhs6BWLOUedD4XInjZ5zYSZCJJsxEMRzy5v1UvWA=\n'),
(266, 12, 77, 'mLKIuEqXcSEZfpWU0+R3EogbNjkFfsdOspdilqpCm9IQwn1jqDK/j3WIBZiuu6OaQHCm6iV9bzM+\nRWofHUMRGFPQK5UsH8L9lgFFkbUHGH2a5MkDllVPKPiZ+esSSc2q5PDVesf0HfRZkXikDRnS8wh1\nH28r7iTRGUwEP+vIdAGNTouEfAMWi8ytatd5HYSK8Oaiobybwq9k0b4YZ/9uEi1VssEJCdbkU7sw\nPcA5lAShsQwaOStO+j9SoW11soQzcrDA4vLd9XpIFaX+YnFGJ3kCqrV5Ne0TRq7vU79nNJtAdWyw\nO8ceJuImCv8FUobAS6t+w8+hNrykmczT8dIg7KSBDlc5zfcsgRKpEdsROalb9vfzEl7fxoBkl5Yp\nN5KZcb/q9yZH8ZQWHxfrian87zGqIY5/X1TloRTRBkgDiccm/5X+Bm2qWseKLMkOsDs5VBuKyutp\nWSy63oHOf92S/6VF4OL8J8psdWShzQGhxnjqoFUSTDQw6C9tJON3qLQenTNnhTWKqdTMbczwS+lQ\n5kQCN9gtsIYOj/7t5lDDEPuc0hdZNl1PUDP0yMhDfcGBSFLPf8GgESxw4b5X/C3SLCQfePwhdOmh\nigDpriLIkWGbsY7Dui9nQLkgKBjdf/7ejNczhs6BWLOUedD4XInjZ5zYSZCJJsxEMRzy5v1UvWA=\n'),
(267, 12, 77, 'f7UrwrNj7VpQOwOylSIXUR3PeFBEp1FQQTLCjNqVoP5fxHMjwpcwRKps/4egEhQziTSuWUKoN9xE\nUyDuB7uOsYZrQnjTMvleWJo6abD03HWOlXjLBKMw7IkCHbsCniJl/v0qcEIC9QCubG2CufNUvf+5\nnGZS7sxGxygHxoxfnEC39ekKxOxBpqahzDl7HtFvFz0CGSwuhuK5a449lLibjLmc77oMaS3OjHrj\nvz9LUBavpQv/L5V1TlxFqvO4DbATrNIq2t58nx2LwWP0cNWBu4AsNvuzTdNAnmPWY2nZGrVnc2H1\np5Zw2SumvKPOrRDl1OVLsorpaq4GPqriGgS/9Vw/FzDGkbsIOGFSMam82sl/+HN0AfmM0XtNXMGk\nF77zE/hPMHSJcNdnkdr2H+lhETqydcIb6Te/bycQPOtDwlA2m7WnDIGoUPMut8lF5H8se72jV6iJ\nC7WP63L7PTnJlURlV+i2SdyeVEsANYKmGRvoCuX+MwPAewpEGLpcfHfZCSiyJE2XXHII1wLOxp1S\nwoVsIXdWcj4w7AHvxBmcLAdqquoQcYZsxgfZ+0/rMI9IyExl7l+Hgh7gCVOdqkbPlIF/fpgI1c6C\n4CQQW+yODvX0X5CVBkNR0zFxH/aOfjKuThH22HyDHPIGDe7udam5PRnV6FJC1eWHDQSlj3TYaWI=\n'),
(268, 12, 77, 'VaSjZaKOh2FyywJdmFEExXy2t2zI+ffNguCGN4R7pLh2zulW6wuuRMSoXee6DIEw3sy3tNFasINh\nqfQWC3p0xr+pnuhmRlCvU2tcgP0p9fRDckodSaLMoV8h5oBXkKXjmrUzvrRQX8KFHNGcoOU7gKB/\nGwmSWDR1gV4BJduYfXKcNEjqKt22Z8as/2PLzmR1UG7wsXOOob1J7xs48aBkpVOEXWKo0+sFvOze\nEbdx8nAIXH5HrEK0q5Q52y/s5HBzZlz3CrjwreFramPyz1PdYl/UAAOCEL++qJDxpZP9E+VTETK4\nZs3jBXdGqGY7U3dvEIGUfKnZ/axeFH6yM7Ae052MXURq5Bk+zDf0zzRveKEVkoS5atQ+MdwFkwJD\ncJBBYvVQFVCU5KZIJjgPcfo7X1F5HN2ZyAtie+rNJqd2DgcPmHmD1w3dp9Mg5rGIpUnykKDTugMO\nuWA+xaYPui7c6eFYZ4sw34nkycxXZ98g/tFUPAOVUGHw+8MO5rbQdac8nI/SE65IvYLhv/udWCME\nQNgWwDcsDimhGV6mCJpeKEc79IzSLerSLyleDKclG2YzGwcv6xDAXOz7NYV1foA0tXyFiscMfQGQ\ne6j+MJZribyHUQzKo0/GcCVNwjjOdBNQl44Q8ZRZKVksCypK2zwaSXgaG+Fh4tgaedW4XJHu9C0=\n'),
(269, 12, 77, 'pHeeMU5vrqDRkKC2qvfU6JRkToyVGpn1WLCq+AZjzproxj0xEVeGSTh1NqOgvDoZCee/hw1mk2HI\nrUUw/bsXOtj/lqsJtJmzZOpBaoCCNs2I/DvCYi41bjxhNSaRykG6sCdvWrxPIsz8hijiWdiHcAa8\nZsHPF8ahXQE1lprQ0+S1MGhmWTkYNS0iT7MvgB+XAhy3+xIo5qKmhEEMIE5YqBnoN4llMtSiUToT\nizUbOm0ZrCKOO6CFUZr8PAk+OUVOY/RWGk6/7rtZvPULxAAa2XxEbjnk5ek/txhYN2S5Q4FZ5dPe\n7Y8JuU/ydvHff3u4IoQY21sUBZRj2An9R2Hv6H6Q5Ie+w9g5BHEIPR+kME6DsHQmAiECSIib7wqU\n0gKlMfjeXWIagSPcL53VoGjX4wwwdMnox/k/ZHfsApL20gYnhT5aYWsCXT+5+Q1U7rz6ahblttRw\n5k8lU1oDFzpCUvXXj1WiwxzSssO9psHIAzHH+14AuC0MIsFmU0WGf7wsJ0lOG+Iz0LzeK5nZ6zed\nPN5x2EA9kHHUTU4fGet7kN4Dyl6GYqmUsyFFDKXF3nlA/dBq3jvzeOyPWF2ZtW0Nc0a3DmEeAbps\nlpM2vZBpbdQopJPw72Ow3D+3BjHZFZIUbn18fRjhkfi06SDWiPbRQtp5eGq4yddYrvKzN0CqUpk=\n'),
(270, 12, 77, 'pHeeMU5vrqDRkKC2qvfU6JRkToyVGpn1WLCq+AZjzproxj0xEVeGSTh1NqOgvDoZCee/hw1mk2HI\nrUUw/bsXOtj/lqsJtJmzZOpBaoCCNs2I/DvCYi41bjxhNSaRykG6sCdvWrxPIsz8hijiWdiHcAa8\nZsHPF8ahXQE1lprQ0+S1MGhmWTkYNS0iT7MvgB+XAhy3+xIo5qKmhEEMIE5YqBnoN4llMtSiUToT\nizUbOm0ZrCKOO6CFUZr8PAk+OUVOY/RWGk6/7rtZvPULxAAa2XxEbjnk5ek/txhYN2S5Q4FZ5dPe\n7Y8JuU/ydvHff3u4IoQY21sUBZRj2An9R2Hv6H6Q5Ie+w9g5BHEIPR+kME6DsHQmAiECSIib7wqU\n0gKlMfjeXWIagSPcL53VoGjX4wwwdMnox/k/ZHfsApL20gYnhT5aYWsCXT+5+Q1U7rz6ahblttRw\n5k8lU1oDFzpCUvXXj1WiwxzSssO9psHIAzHH+14AuC0MIsFmU0WGf7wsJ0lOG+Iz0LzeK5nZ6zed\nPN5x2EA9kHHUTU4fGet7kN4Dyl6GYqmUsyFFDKXF3nlA/dBq3jvzeOyPWF2ZtW0Nc0a3DmEeAbps\nlpM2vZBpbdQopJPw72Ow3D+3BjHZFZIUbn18fRjhkfi06SDWiPbRQtp5eGq4yddYrvKzN0CqUpk=\n'),
(271, 12, 77, 'imageMessage/271.jpg'),
(272, 12, 77, 'J3ntJW/5scbbCQvhXZ445QCwvFDFQojqkEy9EHVgc3of6eZmGjK7aw+BeHGBRULy0Rpk5bhN4YkJ\nNyA+689SdwNLJcn3YD/wah4rr2mRmux/ciL0gjmp/LAxFuIME9BO0bEAn69OH7a9QVrk8XYRMmcw\nU8kxh17mdQlYzP/R7JjhYYWsfkNIfMoxwfkp4UF4lDp+v8ZTy+PgcUCyOtZA6Mh4LmPrVLQKoEWr\n1OYsxkyzQJ/JHbY2VCKwOkRwzudrx9wFgnw7qBuKejNjifCOId44iX4Z3W1jJ19SGUbMXENMBUrk\nneNqHMc+oMNmWuVBfmtqJgSmyPLbBC18XShaohW7rE4qCouLxbGnWiLvXVtI7mBVJ8KBtXBR9Wlm\nqrqttEJ8xUngYtAjNHy45Mavg6F88cJkvgPBlUJ9C9KeM4lSLV8ge71vGHkJuu6mAvZEAv86RWV5\nBqvcfabmPbTsHPCW7Aat4Lskxp56sUy0QwS8NWg13cMwL0cSXksfm5J5CHGep3TFjwXxEGYEDkGP\nzQZ/Zch1I32WiJV37KyUZzhQcDS2RCizfcsApsnZF3I3C0eaGwD2x0FMCMkREh9LK6MOCMVAaYzI\nPsliPkEv1rDvnKi89zyxuva8xW+gEg0QjMXk+4xnCQCRdyrtQkanZ0mkuCGoQOq7YIfgxk0zR7E=\n'),
(273, 12, 77, 'imageMessage/273.jpg'),
(274, 12, 77, 'imageMessage/274.jpg'),
(275, 12, 77, 'elSxhLEfS0BA/f68uzSf9yJMskEVpSL4HaX1bkg9GHvdiHxDKXvxwIJWp0re9HY9L5w5yCup4lUc\n8Ubn6cLMBsrLDJo+DG/e+7QRG9we9SCwbLR8qa4FNhcmqxJclBbWZLv2ma6INQjkvc7LNxNo1DSv\n9Tvxw+pCvb+svh9efYo6Iux7vgBWXBVfTNsFp/K+WxfaqDrqf4KIA6xifWQSSbPbE3Q5V4nfh56g\nEz12J90kKwMzkLYDWsP7Gtx1Yh8xJ1EET2N1D4aFU1V4J/qMyrUdAI21ylVJdAbTmYH1rzINgAvv\nCxng4mmVNXfTJfboJq4U6qTnbP1Tv0XLk0nxwLpE0ZutHMXdL1V4ymRxK/VMfTSgfZerzu3+fTd1\nRdkS1XSyaldRo5ioSXyDiSZ9wGtFWv4jABIve6wEntsnU87HdYzz96Xfn0uP0eQNg6p30Ss30CMe\nA6zqYAsIzKZfInElA8/rHmcgbZNAVheJj2AoM2ia65rDtDIKa1egXaZsUQCOdDScuEzxkrVYXidE\n5AqXVr4TQ+5ZvNbvW9E4KJ6BvtsDm8KmPNO+aBPMpyuqzGdWLvbTpX9dbH6PwfK5BiI3m8wm3FC5\nooFeSWBRi88R0IzxEe34ZdQ1XEgdxSWxoi7Vc5Z7QBBBIKjpWB+PY0ZGdOh8pwLqYu7KGO4l7LE=\n'),
(276, 12, 77, 'elSxhLEfS0BA/f68uzSf9yJMskEVpSL4HaX1bkg9GHvdiHxDKXvxwIJWp0re9HY9L5w5yCup4lUc\n8Ubn6cLMBsrLDJo+DG/e+7QRG9we9SCwbLR8qa4FNhcmqxJclBbWZLv2ma6INQjkvc7LNxNo1DSv\n9Tvxw+pCvb+svh9efYo6Iux7vgBWXBVfTNsFp/K+WxfaqDrqf4KIA6xifWQSSbPbE3Q5V4nfh56g\nEz12J90kKwMzkLYDWsP7Gtx1Yh8xJ1EET2N1D4aFU1V4J/qMyrUdAI21ylVJdAbTmYH1rzINgAvv\nCxng4mmVNXfTJfboJq4U6qTnbP1Tv0XLk0nxwLpE0ZutHMXdL1V4ymRxK/VMfTSgfZerzu3+fTd1\nRdkS1XSyaldRo5ioSXyDiSZ9wGtFWv4jABIve6wEntsnU87HdYzz96Xfn0uP0eQNg6p30Ss30CMe\nA6zqYAsIzKZfInElA8/rHmcgbZNAVheJj2AoM2ia65rDtDIKa1egXaZsUQCOdDScuEzxkrVYXidE\n5AqXVr4TQ+5ZvNbvW9E4KJ6BvtsDm8KmPNO+aBPMpyuqzGdWLvbTpX9dbH6PwfK5BiI3m8wm3FC5\nooFeSWBRi88R0IzxEe34ZdQ1XEgdxSWxoi7Vc5Z7QBBBIKjpWB+PY0ZGdOh8pwLqYu7KGO4l7LE=\n'),
(277, 12, 77, 'elSxhLEfS0BA/f68uzSf9yJMskEVpSL4HaX1bkg9GHvdiHxDKXvxwIJWp0re9HY9L5w5yCup4lUc\n8Ubn6cLMBsrLDJo+DG/e+7QRG9we9SCwbLR8qa4FNhcmqxJclBbWZLv2ma6INQjkvc7LNxNo1DSv\n9Tvxw+pCvb+svh9efYo6Iux7vgBWXBVfTNsFp/K+WxfaqDrqf4KIA6xifWQSSbPbE3Q5V4nfh56g\nEz12J90kKwMzkLYDWsP7Gtx1Yh8xJ1EET2N1D4aFU1V4J/qMyrUdAI21ylVJdAbTmYH1rzINgAvv\nCxng4mmVNXfTJfboJq4U6qTnbP1Tv0XLk0nxwLpE0ZutHMXdL1V4ymRxK/VMfTSgfZerzu3+fTd1\nRdkS1XSyaldRo5ioSXyDiSZ9wGtFWv4jABIve6wEntsnU87HdYzz96Xfn0uP0eQNg6p30Ss30CMe\nA6zqYAsIzKZfInElA8/rHmcgbZNAVheJj2AoM2ia65rDtDIKa1egXaZsUQCOdDScuEzxkrVYXidE\n5AqXVr4TQ+5ZvNbvW9E4KJ6BvtsDm8KmPNO+aBPMpyuqzGdWLvbTpX9dbH6PwfK5BiI3m8wm3FC5\nooFeSWBRi88R0IzxEe34ZdQ1XEgdxSWxoi7Vc5Z7QBBBIKjpWB+PY0ZGdOh8pwLqYu7KGO4l7LE=\n'),
(278, 12, 77, 'imageMessage/278.jpg'),
(279, 12, 77, 'imageMessage/279.jpg'),
(280, 12, 77, 'imageMessage/280.jpg'),
(281, 13, 80, 'U/ubnUHqGa967SKPMAPRd6s6X8FtOjDGegDo9hzy/ShV1nBj6nXrNslrouMQyFf267WCQI52mv43\n++L/+TAvZmdZMI1Wn/RtPCXecQUlz1/PVyva2oPvZC4pJnWYE1KaoaThJrdpE/GNFuRJAFZxZkgz\nn3x0T+PRpurnjo0AMtXLE1yirtwW1ym7YNltBIAdbgbdkgriIALG8npv3Zp7C/I2s1TpgLKWpP4J\ne/ChBqO7TKnvn8G9GSKHetHqYnxAwUkiCcYrOO+i3Sv37VaasSffPqrwocfc7+6Fl3kj9fe+h8pA\nabhmgaVszR7jkBwd909xRM5iBCXau0ITnOX+J7lRrNhReABYUbM0kVgjBQo/nO0N/r+wuzSXJMGZ\nO9e8hXvQZYaAC+l3ccwkbLXJvh6PheOooLy/1Uze+rjFnpUb/MXQINzb/fIXuu/IAomfwji6hj4w\nH6v3AlVeRvicGaN/c6MAzWb3hfZmcp2sonMKMDzsMfBYJYZJ4VXurFjx4jM+arElkj8++YdOIWkY\nnNLjUOmZsYa5QpFye8P9JTNtcKRyegzg1dFZqFWig9lZSr4JSo+BW805A4zZAkgppsIsrgYtXnwo\nMz77YYoJdSwRe30p0LDX8LZLwaWXI98Fo/N58iq4w31gZblVT6eMjMtEJLmkWqE+ymmsGIl+pG8=\n'),
(282, 13, 80, 'jQ6BYMGnTCKjTdteQa2Nnrakp8qcPb3jt6ewvJKlqZnfEFWU9r6ZAV4GSoydR3iMpwW1wn97ys4M\nS5l+cRpvlZlk33EjO2Yv1UmuHLf/GliwTmFzWNF4LhRw8htbstnRNR/kOim0xR90f6VUrPzuQnHe\nZciq/0J/F3320aU49/T+HLSK9hOYVYiMQV5lJ2YUTUJTmt6utPOsOKYXr6ryXTyNvA9fZD7Oyy+C\n0XZizSyy/GuZjuN0rs8D8fS50zypSZZoJuDRz3E+cD1uYMN0yfUkToGb1X6EzYiOR1Pmx+bI89S/\nloX+l3VybnACd4oRL0HH9ni1S6XJtL6xqSTvM3t8oze8iWyBje0yJBWQpYIDmiEZGfVQklwpgDo/\nMxBEeLhVMdipk0qz0L5g3r/w5Yt44mE41Cio8b8lpLQZZ7Sx3GPrxuc3R7jG8UN3Km0xLmE8D+Fv\nAGALeHKEGcOnnrArLfLRpn8r23jTw3lqgYHEuwziJ1HGsye2aX0GlazTQyFpD2YGu5CsoKF71o78\nvgqG99DvZ6enxHYsB2ARQNKgbWKHYVFsiDYvV4KksyKEPvGU3OdKThPQL4qeuszIm6i7Ut/196j/\nCTLO/FMxXTb120jD8/xzfUIAKadeD9PXHI0diulkP2q8eVq7wVuGwRnIboJPurtRt2iToaKt71U=\n'),
(283, 11, 76, 'rg+O2nl6Lor/CfLIDp2XGhQe5y1Uekx7TYJO5p5LIn4onuirAmx9tSoGSOQ9ujMukNm55k/L5XJx\nCrAf5d+lHtHfF8LrtDA5b+bP0O1Jxyat/CuOSgTZ4vasa9s8gQOWyI51dgiyIcYAvNp5yKi0wnFM\nyW7JjMAaZf4A4rOk6t84HLRH+Jnzy/g7D61cuxAVYHKKre0wzKWwTcJDJMbRmY+1nXbd+a31bJo8\nF5Q9BSLkgmCXFDVdjLwbmLrCFSrS04M7US7xdmzdhQmkfErh6f3uhZzXO7H3Or/Z8YZ8tZWM1hsm\nDDqXXMtrwQDnaxwVM3PWKh1Csy0UB3zgnuwCfp7VWruzUXEF2OZnVB+FqGpbiEqrPcnUD2CaZ9CX\ns8cwpBHyJtjjtG/+l4iFE+N0L3QEHSJ9rDh2mJFdmyVlbFCz3P2YW+Vu7ZmlLf5kzvHLNcpeaunl\nkQwvQ0WAj2mDfxYidn4v8rexGfir8uUO6apu8xiAcWodbY2YC9g7Z0Q8I9hsrse2KDFM7J4vHaIU\ntIV5yaOXImGochyeb+YP4FozaWZsQEt5ZqSG0+hZdGqwkdrjOk3VIkyoGg80qtX+40vYwOtfYQjk\nghMmOZXGfNLNIuBdyyCuSMVgEmdJPjaqIZ7rdBbhZpJJEGB2DGjoQsEv4Kpa/x/vugPvn48T+Kc=\n'),
(284, 11, 76, 'UEBmxCYxdUvsdxD5b2SWYVF4SjwzxHmzoJa5tVVkw3TlI5jCWR/q7HShd3CgWNRjb5RbDYw895oT\nrRe5q7bvWkDASN3wOj4+ckxRoDpR1CilkuvTBIBEzSM9FHV5Rog60JXmrihm4arW3b3YPmdTUi45\nR5ovU5jL6UKQZn82ImvDPfkeiXcq2kKdqxLZwjpeTP/zWTDOyUxDGO0JnsSUUI8QnyfOwTiLBxDQ\no5Hh1nWVqb3C6BzwLmB2UEDuujnUKbkDlVSKzjqUOkSos8W7LYEeMGQqTpUWFPiIdLnL/bW3RRNL\nX/sKJv8wIyTk+HgaIivS49YWVabZe3QX/yHp94uLcjRr+nxDpUEKNo7AQ71w6jo6Wk5+D9GLmL8R\nQkhKltdxJbW4eqelEW7Xz0VoOIT8MLY/iGTEZaph+LaoATMGQXFI+D/OaSNJdalhZBujqCGqwNFm\nYdjnn8cAYTD4ZexvySd4weY7gbDbsMFUdjlEUEU0pdrHClD5OAn+8Y4MsnPQR9Cx0KdEm/fOew8t\nVWxlR4V2i50WbKAhg1pAcWcIXArjUWjU/YVYMmTdSFmusMbbzP4TAtEaCDzWECr+/Duc32iyimt+\nNXRJpQXb2jK4W2I9ZGbkvVPr5pd7VFvHqXClSKErN7wNjRAZwv9FMv3r8yLoBqk/l3UYWItApA4=\n'),
(285, 11, 77, 'dHln0xGPV5Y6570ClK6H0vFOEmhLpCX98ztcQc9uiTiAoiMRlPpqH5y81BYrf+Ha1HyRNXC8V8ys\nyyBvOdp2/VqZ/knHpf8FwSokjK2uDPluJ7uemqg14BaN6P6V4+WZOuN4wkkLUJ0Arh3WktOynyDg\n1nZXhyRxeo4g4M3+4gERaWLXjbWF3GaVN+k9BIqtACbg7njVrbMHVl7DpF7LXr55iPZnLxeGs0tF\nFoN2f4hgEY2LNlsqdUjv+GS3EkrVex9gSS9NKrwM+3NChPjlB3ffZw8Bp6XYNwhVPZ14doTgp0+S\nQtzy9kEMUorTJM/Cpc/DXJW2uKLxEFQoGZvNN1Kfizg+Ga+IZjfb2e0US1TSkfDyf/AdT6ofSCG5\nKbaqu8lhVABsdgwq6npKIcyT2NIgeIcCW4EHB+/nHIyT2PpgZLfpFdiqHo7BZ1vY0vGIL2QYcaw7\nE53flYyHV17E5DmNspAG4kyIa1Ub2vfp0PdffYWHD1XlHXd0kzQujvBGB/g/oaUMiY/krX5ZeyXa\n5c1RoFmSd2d6HJOXh2eU2OGrtgf6/jrNGLoD4pBBg3abZ4tsFO26IyxLReTrko+V3mnJ3mE7Faz2\nRlj5tY6BcYkJHe8ixy9tCmq0HfbOCXvHKSKAe/hqCdKl57Yjx7eCzmp4ZeBxwa0MV1kCR19a9vA=\n'),
(286, 11, 76, 'oXOsBLU6Gg956TvDwA7oAqosf/67tNDmJ8qM6/5Yy1foQ/POILytJNHRSidQKlOc64A0Wj8AOxPS\nvprdeYx3erVcXKuQAE3G0Qog7yjrRn+7wkHKN2Hq5oZG3kPHur9lDZsqJoc46XOSlNXwQlniCnjQ\nrR1bHRJipakJOJkFwpBDkNNdHIOpBRrGN6vRelEqeQtDVYy6RJPxhvIDh2o4f75okr8vgrVqqTkZ\nXOVjHLmAOidFaEBUcDViqzD5/oNpFYLHnVSa7OG54klTJY1A6cDAhOzwP0km4kNwfSX7ik+Da9SA\nBh4CtMNiqqpSrCs144BGnynpOlKfwTL1TBi5LU191Tny8YUjWJXMZqkvjSN8d9vxhP+XugmpFlt/\noYQh9m9d+AGl8HIgRuS5vJm1MUI9VaFYFjxADbBeNjW+4CPMHiUnLawrRB9qL730LHgvSVHu7TvF\nQm7Y3LcawW51tL9/EEE8SgEa6mgUISoGDUmlzKS1zIlmSAUM8JhHcaYqrA227JNfw4jj5w3PcIAk\n5hRvPpgT6zQHIEFo6TjGzFSPyjkEoH/+YhOdkSP+VZapbz37CyunnPRlzZg8HDVAGC0Nxe4t/72i\nUXzm5oZ1GfuC4h1Fgg56N/bC9zBo89x6fuUmCkgdwDhmfUujQQ7j460F9NwzvnAWaZlktytvNDk=\n'),
(287, 11, 77, 'elSxhLEfS0BA/f68uzSf9yJMskEVpSL4HaX1bkg9GHvdiHxDKXvxwIJWp0re9HY9L5w5yCup4lUc\n8Ubn6cLMBsrLDJo+DG/e+7QRG9we9SCwbLR8qa4FNhcmqxJclBbWZLv2ma6INQjkvc7LNxNo1DSv\n9Tvxw+pCvb+svh9efYo6Iux7vgBWXBVfTNsFp/K+WxfaqDrqf4KIA6xifWQSSbPbE3Q5V4nfh56g\nEz12J90kKwMzkLYDWsP7Gtx1Yh8xJ1EET2N1D4aFU1V4J/qMyrUdAI21ylVJdAbTmYH1rzINgAvv\nCxng4mmVNXfTJfboJq4U6qTnbP1Tv0XLk0nxwLpE0ZutHMXdL1V4ymRxK/VMfTSgfZerzu3+fTd1\nRdkS1XSyaldRo5ioSXyDiSZ9wGtFWv4jABIve6wEntsnU87HdYzz96Xfn0uP0eQNg6p30Ss30CMe\nA6zqYAsIzKZfInElA8/rHmcgbZNAVheJj2AoM2ia65rDtDIKa1egXaZsUQCOdDScuEzxkrVYXidE\n5AqXVr4TQ+5ZvNbvW9E4KJ6BvtsDm8KmPNO+aBPMpyuqzGdWLvbTpX9dbH6PwfK5BiI3m8wm3FC5\nooFeSWBRi88R0IzxEe34ZdQ1XEgdxSWxoi7Vc5Z7QBBBIKjpWB+PY0ZGdOh8pwLqYu7KGO4l7LE=\n'),
(288, 11, 76, 'AOtoHxjp4KfD4w0GKJ9i7Ssk9vcnHwgDfss6S7YNkXwMbZoumFBwuYlhquxhIZPtHsoZGo8tWiiM\nR/wz5tRU6Et/IXOzKAyQuBGS0zmrSxc3kxrwqYDPPrSrV1bh4n88udMQdgSXx5tx4ybG6mhQ6uW/\nypSejbHmzec0PEpMPKwsMc6sjiiU7wBcIrFGEh+BExBeP80IvLwDKCdlQGtvSWwPSa8uQNSqvgqm\nu6TGgC2h0+V2EiOmTwlXAs6XROTi65nAGPW8EbZJu/p2QnbXS3qrFlODhBLB9PGWU56mYUMYOK/a\nRkpYN4mYHu+luPAcBOt6cArBmehAmbHdOfxt9pkDTC5YK47KpHnjNZ3hxLgGDiLUHMNUBFCCn7LY\ne4EYt/teTj1CK/1m9tMRI15x2lbwUxnU7ZR8fLsM67faEcaTxCZ9w9wqBs/BDXfKKjKS9ZK4n9rk\nLA4h5b0HQLnJvk2I9FbH9C8af09uyNJZSF+waQYIb3dzPTXEcxioYYhEi3abzrKk4R4tyOXMOAJd\nVrRGpWHS3zo9M/N+8zummv4tfynCniWNrjfpKHiChJgHCowX5hhL8Ov8DrnWFZzCscXZZAWVMiI0\ne82l/AKWQaUUXOKhcHz/HlkXqKQtA67HltpOjsjMANq7hbyf4xTXhW1bxyAsuGe9E7HOHCsq9A8=\n'),
(289, 11, 77, 'hrPTCsICXKDqAVKHBfEyhkm+u66LeHYeYC6BPllDot+9VaaatKHhGwaYFTsJR/SN+l2zm90URCJa\nJiGU0o5EQUlj/e9yWmtxi9hk6Mu9U5sNwGpj7zjFki4IzHo04bQuPnLgZu1SFP/P5dYs2/XcJDPB\nGsm8XcilymY4mHSkr8S78wkJZdZDWAlx+LAWRpyQVMWqQptn+eZfwdY2/13c5WIMU+VPbHp/RdgH\n5YjzVg75UqFZufX/VqZj6fPSWwEYYJGR1nvj4Rzc1emW2UZTyuOxG3aYb49RH0EpX8cZs/nfR6FH\n/9JgjA1NlKiPqKWxnyYidoOnBlKARr6zz38jjmdSuofWAPhlHRDLDcYbidldvdbIF4d/kcNm7eL+\nu+zkG56hFA69nfyj/Tu0gm/NLSLDG61YTuGDsiTF2pIB90CUaFsXz/k4fvyyP1hx4Xhi15TKnVQg\neG77XNR1eUIId7AOf6B2C+XAdLMWPQM2HsGLf+LzRH48B3lO/Ux2QvDLM4mLdQLQ/r7jZPCPQbt/\nhNR1xFDLsYdrew3Y3F9MMfqu5cHlr0iEY1yxJfxVpuwwQchK4Jvu/seBhou+IAFu9GhB4UwvtnoG\nbVHcBCohguWp6KfZ+1aXzK6vudDzBkWdD8iMHyo/KW8+yx02vshvu42GuDxDs4Le7Y81Xi4Mc6M=\n');
INSERT INTO `MessageForMe` (`id_message`, `id_conversation`, `id_user`, `text`) VALUES
(290, 11, 76, 'Jw1jkzdQKiuYI6q/AKDe5RtCyUak2K46kjzOb7j91D7v+/Tu/KxBw7v2m+vMAlasT0bDwq8vZpXj\n75JNoHe2sieJNdgwCqAl6psgo61ZM8f8Hifk2uV8Uq9DYgxOaqs/MJEL9I1TaVUzeptO9uKaS7C9\nF8kSPUPexAca8H1OrybvXWkE+kAev1RuKhRsgyWxxM0mSR1nDKIajlbT0pO9c86ATGNyX4I9+WwK\nn7rOS5+me9k0RxL6qa+R/plx2EPnxDb7KQtta75za/IwvKQClvFXRXDxvBQwcbeBS+mCMUpryIkE\n1WSmHymvXZhcBl5mRMzA2M5/1R/rfoaojfHh0VIanuGkBa2IycPVHb7L915/E1eHa9ligmlWEAgg\nEO6y8f7aHM8PAtMlCg7exlmX2ExgALwqXX8QEQG5IuOu2u2k+FTAIqLC58jvU4KZKldX1TWXIFws\n8QKcImVj3r2lfpUTluLyvVxnD/Tv2nOBGA7Ftj4d49vn/HJVURb/cwas8z8x7YOP1A23HMNNRfLs\n6mLaa6p4wtHAFGY2S6F7/LZQedz6dYHSVRQ9BQ5wYN8BteEyRYEZl0EkKxHX791Yvt9PbS1fr1g4\nShQaL2MRGhSS26eiXuLE3pfL3wW04ke1putTWuXbI4tUE4uGP4ZlhU4kDfj2ecY8ROw+crwgS8s=\n'),
(291, 14, 81, 'A5XTJQ1SELUxJnhT1XEkdmxLGDXYteTCU5lsvP0IqenvbcuC86mFxMvpZZy/0BnBf+JJG3QqRmGX\nUnlkSZma2OIQOqmeng8FKIa52f2No280PUmtUMVQLumDaPyE+qXsRG6hI+Xjs5OpNriTpjFn4sm5\nr2LLW67bXuOBzX4pJvd7Y3WO/tZvSpqLVnJLVbSD5ENukAFb4+HJvR9Lum0k3lNsHEv4ewFgro4b\nM4I2nIfe6rUC6Eg+ic18eM7n6pId8J1FFVYm/tkRLB7AVeq1zOOp5o/bQDneCLO0cirDJhokRoDz\n932+B+NRCJb371G6YpxxBW3xwJCGBNXuPKbSUJ64Yr4FU5u7zD/J+bWM5tQVc7mD+vUUL77kz9YJ\nIPVM1SfIHPfSLdI7nn0IRYjwkCG66E9MFE8lK09eSou0YC592SPVWMI46WSchgTGNmof5AD3qVD/\n4plcxis6lDFTgIL7nWBATrFwsI1NdQqsnLkbTAHc/xFLMz7HkkMTQNUnfscUrEFtJQurwNlsL+7n\nH+H9g21NFNfY1omlCSigCpLTPcNEQuY65loRe1CqPOfJx4GVo+5YjF7nnM/C2bugbjbteykQcPlJ\nazSFfX78Xli2V6gRKS64MJz9kX/YkxhhHBnQtHrf8KtGhzonY2VW4N83Is8Qgymjo+G4nuR9RUg=\n'),
(292, 0, 77, 'OiDe5qyJ+wdxM/SrB2OJ0jp4bXxSrwQeEO7zs7+3UT12l0BbbZ+flhpJeejoLse9qziFSzfEZryI\n5ANiaDmO9fxuMo5qpTbX6NLdpX9B7lNlrpB/8G7y7Z4+bE9jmxrZCuDZOfbP1YfGQAk8f3eb/R06\njdXI0ANn+tNOu1zXBI6+b1/Vzkbd/HvhWBBCoOI2bGilBg8auGAnCET+vGdDogThGTrapHQ1n3ts\nzclc2yzZetiG3j1sPLlEca3aRfmu4z0slTrjB3QxsK4gj3pDx2awNkJV6vYIeNxe6ILNBpD1dRrZ\nOBauTPZV2JTMEgX+riiOImTWbPkUuCrazrnJg5/k+BOXwLYxUZiNEkC0Yn0mfE2VpsegHxGfEffW\n4Ol7xiOnbrujyBbavKQoiyGzDsy60JEoX5J83KZesg9uiU0bPDhZ/nCp7Sux6gInM2sRfaJa+aaG\nE90UuRpRVL6fdm24bzw+3QHqrADyWPLtGCP6vzpBkysjisWpkBPHKjykDK1TyISiPptGzUBykQDA\ndf8Lob+zXIUqip2FPpv4cwkJrxtbFIP+YWlGMMEpg157DOMrZTsk0IHV+fovPoGnU6XYH8HEfnuw\nJhOXcRioRz+JT78OYH0bHQaEyCEVfB1Y1mAbRrW2lN54N9R+4A4UaofPwqgHp4UGb2gXozbjsWU=\n'),
(293, 14, 77, 'elSxhLEfS0BA/f68uzSf9yJMskEVpSL4HaX1bkg9GHvdiHxDKXvxwIJWp0re9HY9L5w5yCup4lUc\n8Ubn6cLMBsrLDJo+DG/e+7QRG9we9SCwbLR8qa4FNhcmqxJclBbWZLv2ma6INQjkvc7LNxNo1DSv\n9Tvxw+pCvb+svh9efYo6Iux7vgBWXBVfTNsFp/K+WxfaqDrqf4KIA6xifWQSSbPbE3Q5V4nfh56g\nEz12J90kKwMzkLYDWsP7Gtx1Yh8xJ1EET2N1D4aFU1V4J/qMyrUdAI21ylVJdAbTmYH1rzINgAvv\nCxng4mmVNXfTJfboJq4U6qTnbP1Tv0XLk0nxwLpE0ZutHMXdL1V4ymRxK/VMfTSgfZerzu3+fTd1\nRdkS1XSyaldRo5ioSXyDiSZ9wGtFWv4jABIve6wEntsnU87HdYzz96Xfn0uP0eQNg6p30Ss30CMe\nA6zqYAsIzKZfInElA8/rHmcgbZNAVheJj2AoM2ia65rDtDIKa1egXaZsUQCOdDScuEzxkrVYXidE\n5AqXVr4TQ+5ZvNbvW9E4KJ6BvtsDm8KmPNO+aBPMpyuqzGdWLvbTpX9dbH6PwfK5BiI3m8wm3FC5\nooFeSWBRi88R0IzxEe34ZdQ1XEgdxSWxoi7Vc5Z7QBBBIKjpWB+PY0ZGdOh8pwLqYu7KGO4l7LE=\n'),
(294, 14, 81, 'NCICDIppvtuy7wClCSwIcJDm6G3nFhQjHaGmUQ4UcXFX81ZPDFn1iGo3jt3wP5TbZ8PBn8FLo4Wa\nCU8QADRdjtx0XJGBAsl3jHnB7MYTNqMQTfAA6Thtdtfwwb8tISSVd+Xrrr/U4VlAsKBzjMjaCWUd\nsiu0Q5M5nYfPW+AhM7XS+DaeqLzbPiHSKEQe7sOYKN6u1kI729XNcQe4fh8PM+VwDBkJP8g9YTEc\nmVnNWnlRKUutAKz91Q0mAvWjvYWBxUz+EoB1PK+akSyF1TH5DtSSXfp2cnAGbYTyINEDqUUnxRC5\nGU0LNFH8fPl+UquM0JypyF9Lf6yuyftiGpdcqCPhQg1+OukbXTmOtiVWveLh3HGXpQlKZF3Lz1D3\nTWHT7RR36ajZ/c0ZsVYe9wv8S68UBvPzj7GcODofSzWaWMdptnVkgA4YURtEqTvGDRetwJF+gLx7\np9TNvhd9IYYHXCowvSzZ76neuoIbTTSPnEHd1Q67wjLyPcxnV5nwBtMWgkkM7dTk8vj2Sxy8P9W5\nfLMnkfVYwR+izvYdFRKQGz9fw0Z4lCk6P1X4o1NUsuFi8nAwXEc/On1JLuHbMRoExcGNjmTtInFh\nrkSr8rSP9JVtrJ2hccQhqpjb6eJ7hP+TnEWOZwobdc04Mddg77wE5RewX32Gc/KDgHMU1FucT10=\n'),
(295, 14, 77, 'elSxhLEfS0BA/f68uzSf9yJMskEVpSL4HaX1bkg9GHvdiHxDKXvxwIJWp0re9HY9L5w5yCup4lUc\n8Ubn6cLMBsrLDJo+DG/e+7QRG9we9SCwbLR8qa4FNhcmqxJclBbWZLv2ma6INQjkvc7LNxNo1DSv\n9Tvxw+pCvb+svh9efYo6Iux7vgBWXBVfTNsFp/K+WxfaqDrqf4KIA6xifWQSSbPbE3Q5V4nfh56g\nEz12J90kKwMzkLYDWsP7Gtx1Yh8xJ1EET2N1D4aFU1V4J/qMyrUdAI21ylVJdAbTmYH1rzINgAvv\nCxng4mmVNXfTJfboJq4U6qTnbP1Tv0XLk0nxwLpE0ZutHMXdL1V4ymRxK/VMfTSgfZerzu3+fTd1\nRdkS1XSyaldRo5ioSXyDiSZ9wGtFWv4jABIve6wEntsnU87HdYzz96Xfn0uP0eQNg6p30Ss30CMe\nA6zqYAsIzKZfInElA8/rHmcgbZNAVheJj2AoM2ia65rDtDIKa1egXaZsUQCOdDScuEzxkrVYXidE\n5AqXVr4TQ+5ZvNbvW9E4KJ6BvtsDm8KmPNO+aBPMpyuqzGdWLvbTpX9dbH6PwfK5BiI3m8wm3FC5\nooFeSWBRi88R0IzxEe34ZdQ1XEgdxSWxoi7Vc5Z7QBBBIKjpWB+PY0ZGdOh8pwLqYu7KGO4l7LE=\n'),
(296, 14, 81, 'b2MgezFhHaaVD/n5vJz41bNuneJgLJ/Jxg5ByBwdIrVYZaBUno/TzJ6qyEoKjrIWZVq0N8LFcNYf\n0qvd83fuE3djuiaS3bC4pu6nZtsnhmjnxjhdB0h3ZfVPGqVb2Q0LuDO+8b7UeuZ1+9KWC2cJua1W\nYIKPOgFqVJW74n0M23brViCBmI4b6eDM+j7wTNSTE/v44vUxIUdHLcJP19hwUsEX03usZwUU9idS\ngVpN8RnKU3mD8hig+1F2b7mibX15Zj2NY6FNjBuaWFKhhPSyz4hhRCg+YMh4Xhal/pnciDdBtUom\nbz8MDwvpjOib/0vYqus9fH7DAWJjMgaIvQ7PjQM4LH7aQ2tppNEfSkk2CHBNwCAWZndB9LfJ9zqm\nD6D7l8+pd8ar+ObORD9smZPJTi9aTkw1e+unL4RjBWZVvxbd0PdX6LUjX8W00CjAt+waXj+EjmGr\nTVAhnYa6z/nM2AFCj0RZUOOXFJvjORz2gMqn3u6qaktTOGAYScRsKhor1tzTpabAAC1coWf4PFbD\nmd2k+tWEEDtaQn/GcZIyc1PPAAFBzeETrl78/hahJ9EVaJVR2z5Gb86sBnbWkOc8BkK2DWVFjLXk\nZxWgnSukhL+pTJRoSShnjReofxtacGwdmulLBaTl2XyrCnRDfETRy5vmJdYVvIjYQXsWC+E3mb4=\n'),
(297, 14, 81, 'NCICDIppvtuy7wClCSwIcJDm6G3nFhQjHaGmUQ4UcXFX81ZPDFn1iGo3jt3wP5TbZ8PBn8FLo4Wa\nCU8QADRdjtx0XJGBAsl3jHnB7MYTNqMQTfAA6Thtdtfwwb8tISSVd+Xrrr/U4VlAsKBzjMjaCWUd\nsiu0Q5M5nYfPW+AhM7XS+DaeqLzbPiHSKEQe7sOYKN6u1kI729XNcQe4fh8PM+VwDBkJP8g9YTEc\nmVnNWnlRKUutAKz91Q0mAvWjvYWBxUz+EoB1PK+akSyF1TH5DtSSXfp2cnAGbYTyINEDqUUnxRC5\nGU0LNFH8fPl+UquM0JypyF9Lf6yuyftiGpdcqCPhQg1+OukbXTmOtiVWveLh3HGXpQlKZF3Lz1D3\nTWHT7RR36ajZ/c0ZsVYe9wv8S68UBvPzj7GcODofSzWaWMdptnVkgA4YURtEqTvGDRetwJF+gLx7\np9TNvhd9IYYHXCowvSzZ76neuoIbTTSPnEHd1Q67wjLyPcxnV5nwBtMWgkkM7dTk8vj2Sxy8P9W5\nfLMnkfVYwR+izvYdFRKQGz9fw0Z4lCk6P1X4o1NUsuFi8nAwXEc/On1JLuHbMRoExcGNjmTtInFh\nrkSr8rSP9JVtrJ2hccQhqpjb6eJ7hP+TnEWOZwobdc04Mddg77wE5RewX32Gc/KDgHMU1FucT10=\n'),
(298, 14, 77, 'kS2m02/lV4aGn/J+xaXse5wOW4PkPgTlGPsWJz8tWW4CIaulJRImihHrwmngxbM7bI+wkxnXq2DO\nQEkGK3qdrVUCb6iH+YgZChuHqm/phomJShWqXGHyKqBktfl7LiZsyS6FrG2D1xnUove79fA2kn0V\nSRkzBS0cw9BfeNLSDHKauIBPLyqR04mMJZ2ZGHzXoHoToGIOBHiahNgL1Op+PymRXjDdHY7FKRON\niNoIoLtjaBr0TkCS9mJfJThZ3h9GSoEj4fndnG+IyEGIOna2nQVHcpvTQ5CZm8HjVZQGSFIawRle\n6h0HoVaP7oHCjXux7AsMuhNNLpO0QQj/UvYi96ZNIgVC1qGxyZ2i18MwkeRqJGzlds4dW2r3J5C2\nbAuzigwMLw2I4L72fgMlQT2xwuI1OjJy6JahlODivbtF2kNmg60VdOJLuGbnqwo3veJgU+tfKbPW\nzPeyl+TAwVPqWqL65elbGSohHFjsEXK/k8Yqx7lky9Oj92ixFRV/zZCAPikjaQ3B6Nem4tzUM6wO\nHMxLBYz4+QHm72vxz37H8n/TgefrDbBHjkCYO4HP0pGHjD/MJKBVBYWUFkTtZh8rUL6XKGb5KKdg\nfAaCR/tVTj8tSpPvlnLU+tTwni7m75AXjaz5ltUAJJJxQ/ZGfdv2Kb7YRKMnEhVVM4IlFTiavdM=\n'),
(299, 15, 81, 'qTBMQ9fy3VgxQT1+jOd93Viegm3rAPwTNUNbuJubd4fjsQE2xs7uxqm7xs7YoOwE9PTfqiO2Ex4f\n5E/qPQBrhYL35ljzY6o4TQ1fzmS5dBTyG8rRw5Ve0YvB9483AwYKxTwt8T3/qFcahKd41gFIfdoU\nKP0NuesEjTSvVSg1zak1Y3jMZf9WLHMg6HrwYB/s1r2EEo2eohJJdJGbFV/z0PMlL0VU/GIepjHv\nN1Eqya1PszNbPqm78LIc+HRotDHPJ4JGjGXNHStPhEtLNP5gf5wCfIN59SEcxqnr9NQCAU3RdhdP\n0oqOGBigFS97BM/Y4kai7yZYU4Hx2B4uP21t8Cdt+/0xmPtmimlENd9AIYhv7aQwl/Y+XsAzQZ/J\ngGif56K4ItKtnqWXm1Wk+pOm7btLMNoOkQ5SgtJl19K3BqbVv+u+zPRaEZKfHo191F5Py0i+wOeJ\nJA7gE0fU1Fb0g5AL4q3i+CMSqQNQ2FVhiaVziXuSQnB30kTF31NyUQTKGE/07I0wGWbQMFC6x3wL\nzisQGFiXCickuTwBCtvFiPyd64D2Y1DmNRLhaucMv6vLboFyBSyJhoblWzw0Q2Na9W5XlSzXFPcX\njdoyb0X5UE0Amzg9QoGuD5Om3jnR3pb7+6phtPi9jlYskyON5Lxf+OCQMEfABZe1Yly6ez68t7k=\n'),
(300, 16, 82, 'D9mc6CCkTEv8lu1mB+QjaQCjwf06hjRn48XLeo9eaVwfW6tX+Sq+cQgepD2h0TTsAVEdd6e6s8mR\nGkgtyXXtHrQUSg9zpupYE6Uyqn2OCQNfymeY82CJ1ytsKReIs4fVM51qfIEq/bsmXjT1cLYlBTLX\nOqSmmNQ1VfvrDeBle25eR9B/exabFhFHyR7YoFR4NV8BBuNrE97GcHCeO4Ee4qIk2kj4IBe5E7fc\njR/OmFE5WjOmm48z/4X1JSrrPLckmgAAx0BTkDDDKYygglvyIdWEL/JbU4zsDUa8it+F+XTBfaYE\nB5oeKxfMR+Iydpc0TLFzEoSqJB5dcQXzDlA0mOhdi6b4PkSX3cSxf0WNyMQO3MpmTYrYeV82Z934\ndKpdUEL6HLE1G5UFRv3hL+K60wKTHPa3kWOkflFcNnqT/p9Muw/BIEtohJu0UAL2TSxsAyzadzu5\nmszA8x+yuB5aXIdNuDl8qFEu+KxFvVuW17nNRSUyrBhsN0J1Nu7Cr0plIQ9/pL4A5GknfftWFk28\nsf+JBLfwgOKA9x0c0rXg4Xpc//LcEZPjxMSAmNaeNVi5kh4UuNxRLdIj2DmnIwSANAHXmGPfB6Zm\n2cSaVJVpQeuSkRo7JTLh03WT4cZ0KB3/N/vjbRUtnEFWeWuiqzgIQAFKIQVewSVuoRgAwo7Q+Xw=\n'),
(301, 17, 82, 'EP+QF1vc4p7uNKjGl6t97ulWqf4r6gfdo21NNuhXh5pBjDAMce8Mb6L7g5IU7zy9HJfjmElmZ35Q\nNVIMhbiTIrjbZJl66skA2VHkUAZGbMmj/ME3YwRHz9S2h+m4/SvROOQ4/mSmRbfP+EQXUDhTG2+H\nY3sAZgY9UYoMorMpJyNa5bmNxxjOqL1ekrQJZfZxxjwDPvOsxo0/PD4OgtmioYhch/qSTJ1bTOBY\n535hRjl6GUyQTsNmPuAI6ZOWrSgbSyZ/mWGWahRmxzKF1JEx9w1Vr2eHrl1nvsV2/mMrppMsV8B+\nqSErTV0/DSDS8uVw/gTATl6AHKmhUyzInuvziGi8MigMBh7mYExI+GfEc1OzallGOJRKU5fkPhvu\nIe6mvKr4A8MlpghIJJapBgB4iPL4FYZiT/F4Svc30joD62aIhfb1ovHr+JLBOFwB5XGgbLPKHltJ\nd17DZfZCB3rGhQqHdVl8a6rnMlDc4qTpgYoWsBeMqfAzKosA7wUXcTAdcrVHrQn14Aqu+q7bNdyd\nPDAEZleaI2geeQmXC8mYT4LJuTd7iAz+FTSBPgf9boZq9ix8v57W3PY33ss2ii+KpLO4BYvuY36u\noe/8u2fLsoVLgxiU84yLiHHAyjQkeCi7x8T9Tp8vVU9tQH5jcqFm6ckWJU7TOgCp+IK+tmRcIrc=\n'),
(302, 17, 76, 'pxJlOSRlLkKD9GX9nUKT2DDKdEfkiLWhsOpNpXXtdZVGNe0DKzmZQySGyc5wvB4qYhaG05PapTma\nzSzB8HuSLF9copMdYBzYW72oIK1MpIXQcAUWCp409a6KxLM5SOIWDzxg9Y1coU923z6RM37V+SzL\nBuX9a2eaqLPmfOtMVGxz2gO6niySMuMc20qQ3Ab+00pU2e05PgOLpuK/WxFOx5mXnU5lRu5I+Ae1\nzPpaLN1tArzZ50P+af9k9mTsR2s2GzkrUyLWAAid0q8sUts6XF93GY1y2OxbNJE1w3+16VKwL1oY\nqXbJt86ybTCH5l7BPHo7FVw94GksaY/kGb/rxemsBEB7Zv2C2BlifCCbkmos9QmyO0xZciD8qkfx\nnLC1wEKiOoqHzS2Sk3MZqnsRTr9P43PJsCDuVOc31b0X+OIwz17Ay2TrCRQSl9YNvKpJhEhk4DII\nWYq6ey1Gxg158znbefecgTm5Cb9FCP1wKVWQ4rkARch4WUS9VURfUG9XQ9eZ2u/PxQq9OvfRXazg\nPl9eOELwqdwjW8nZpmRNjvi3sU370hjvAZ5A7bEpM/v5kGwJgcs/x7MZ9Cdaz/tMpEpdaBo2XLih\nAlVBDrXMDswk5D2DXv3XhTlhhYD2NEkF1e+iMYQOKWz8PqVLwlc00MRbLURvptXatVUVnH39CZA=\n'),
(303, 17, 76, 'UEBmxCYxdUvsdxD5b2SWYVF4SjwzxHmzoJa5tVVkw3TlI5jCWR/q7HShd3CgWNRjb5RbDYw895oT\nrRe5q7bvWkDASN3wOj4+ckxRoDpR1CilkuvTBIBEzSM9FHV5Rog60JXmrihm4arW3b3YPmdTUi45\nR5ovU5jL6UKQZn82ImvDPfkeiXcq2kKdqxLZwjpeTP/zWTDOyUxDGO0JnsSUUI8QnyfOwTiLBxDQ\no5Hh1nWVqb3C6BzwLmB2UEDuujnUKbkDlVSKzjqUOkSos8W7LYEeMGQqTpUWFPiIdLnL/bW3RRNL\nX/sKJv8wIyTk+HgaIivS49YWVabZe3QX/yHp94uLcjRr+nxDpUEKNo7AQ71w6jo6Wk5+D9GLmL8R\nQkhKltdxJbW4eqelEW7Xz0VoOIT8MLY/iGTEZaph+LaoATMGQXFI+D/OaSNJdalhZBujqCGqwNFm\nYdjnn8cAYTD4ZexvySd4weY7gbDbsMFUdjlEUEU0pdrHClD5OAn+8Y4MsnPQR9Cx0KdEm/fOew8t\nVWxlR4V2i50WbKAhg1pAcWcIXArjUWjU/YVYMmTdSFmusMbbzP4TAtEaCDzWECr+/Duc32iyimt+\nNXRJpQXb2jK4W2I9ZGbkvVPr5pd7VFvHqXClSKErN7wNjRAZwv9FMv3r8yLoBqk/l3UYWItApA4=\n'),
(304, 17, 76, 'apgy6I7D/tnczN8M0KH46I8rbZriR5yADaxtR12PWSgRb1WiUnk/6lsvIFeDkuIYVw8OV+HznGNq\nG3nvMrpxJ/kh06xLe+cvFGhXb2gj2sF0jhCFzlP0FhugB6jkKVd41HV342u/IKi9eOHoYbXYVLZJ\nSVq7GJg00JTHYzEBqz/lsMOMn6sD7Jjy80ZWXl2cd3b/TTeyDvYDfAmCo6LeemnL1wIOUe1/JSg/\nO9uZndOu1y/eo/tMiz2PdUJekP1f1yc8HXC0Dj+BciTArhx6C8EgUvaq6fuRTuvV8qi1dzuJ+j4q\nN+mSq6WKIxANea2GuYVP0Uu0Ghajx/QPbdgeds+MBXEWNvueRTaP3MflZwb+XNt/j0tJ80/he2Q8\nUdjJeENIxXl78MIW8Itb35wJ2E9gLkG/5gLN9aGoS6P3vHEi6SeQEn7USck/MPjIoK+76oLJW1IV\nr/OPNALmKszw1/S2xNlDhYXv7Jh39kfFYctpNfOscxMpmGSuJHaN4aUy/cy6/dkB2B4plevo1FAp\nkx6HPzvpuAl6eiDlq2a12uI4X3zg3+4qZcwbFZf11m+mJr+xtfazk7uzze2+xXAlj8wQbLpJdav1\ncKEO5ebkq86pHkU8+yqh1Iim8JuP4ihr5TcbeBb/BxIlTi0OsSN4xa9fHScmR2nKG0q5cUSQWnQ=\n'),
(305, 17, 76, 'biEeQIT9GlQXl6d3k4xzQORe4OUBLR50bld92H3PIiGAkTB0B1GK8plvWXxYMxHq7k19NdfTgpzM\n6+Ypr1gcGFVs/w382qa7sg8mLGAgKrk3eBYjET+LIa8eXwQnWIgWz2MCf62a61HgWHn9Fg2mxDdR\ntzOxlW01Ox24bu0+ebNtgt2krpUOwrB3RAfOqgz/tdr0A6RXEyRv2HJrjt9yXyTwQR0ueCsT/Auk\nRpqlyFjvuzO/x4HUx6WJubqaCjShN2AbexVPgkJ5lxOvfuwgFLsspUsoRV1MshMsH8viHuBPKoiJ\nbPKOG2JiuYSmh9pvlzw0cFkwsSGXi98C/R/o2PqhQa3/WF/ttMxheu1Xko80jlgpN13TV1qQAdyx\n85pnAQgIJLnFc91oc9WPTRHImIF4ccPdTu9EOctGf9vS1h/VmBTcO7J/NPpQjgPgE0gW+/oV7JTB\nCO08z1B+a8tKrgHhxQrrCbITEMK8cT2JtBaVc925BaBKcVnZaV7Up7ACpBgD3hYai+0MmeAbs44P\nsxsZgTWjAIVb20CYv9375xRMc3JgtH1ZQCIe2TjF23Kt0x31zF6YzU1bl9EnbQxVtS+hqfQMPF+C\nFlVY5zoxyQrCNSnmOWgK+J5xsnRM2an5id6BOSCf/YBOLXKm5lj8wdjq6WhHMZ1kv5vdZUrJkn8=\n'),
(306, 17, 76, 'imageMessage/306.jpg'),
(307, 17, 76, 'imageMessage/307.jpg'),
(308, 18, 79, 'a4LFSYum8n3mkuNp/pRdAQ0AZpweehaskoUuY4eKBR5O6cyWvYe6UzDrSkagrf+LoxVg+SFQEczS\nZzWNjDRwdkGtgG4eabvi89tUvjhUIKq7hMpI37kuo35tAJy8tufXXFxMrijiXtxGzF+LF7YxVbSp\nUWJvdkSynaA8kWlr3sEzROkc5ohqo4sS3M7cdBBDGPwsid6kR4fsx+7NdYijziKH10pYbpyMuZVg\nz3WfeDamJcTMRXBkJGsQvUAdL5/dJhwH+SpT10s5d7n8+BNCEuMWJUy9+nMl0A7fs2138tUVjUjb\nHqaN9Ii3GlCOkxGigcK7VJ4r+XhOyCqjSN6VFOV4nvQVoWGT4ixiRzEXxbrNkQNJNpkN3xhlSTDX\nDjRy015uxPEUB1WtAppgZit0y20HkjDi0luCxr66uKX17wiCkra4K6STRFrH+RvXf87YLksC7nG5\npgbUcbSVq3yzS3VDEPXHh9g/4LE3CDV5vK1CsXmvAXIXACWxHqYPBIHdiAb5NeSBJI2y6vBeRvIo\nc3PIP1ctZaO5tBYlYrzXyQQlKaRg7AV2+XAPF7/emmnNLLjJdfmdtWUjHWu/mIZLUIoOMjgUIG0y\nriX/nooKDOfGpyMNquRaaenlUDKYSKbH+yWJ5QdfVDktK/f5YIGeCExBrRrsmumtqC6HrMcB2uo=\n');

-- --------------------------------------------------------

--
-- Struttura della tabella `Posizioni`
--

CREATE TABLE IF NOT EXISTS `Posizioni` (
`id_posizione` int(11) NOT NULL,
  `id_utente` int(11) NOT NULL,
  `latitudine` varchar(50) NOT NULL,
  `longitudine` varchar(50) NOT NULL,
  `ora` timestamp NOT NULL DEFAULT CURRENT_TIMESTAMP,
  `localizzabile` tinyint(1) NOT NULL
) ENGINE=InnoDB AUTO_INCREMENT=14 DEFAULT CHARSET=latin1;

--
-- Dump dei dati per la tabella `Posizioni`
--

INSERT INTO `Posizioni` (`id_posizione`, `id_utente`, `latitudine`, `longitudine`, `ora`, `localizzabile`) VALUES
(10, 76, '44.4031048', '8.9583041', '2016-09-20 09:52:42', 1),
(11, 77, '44.4043052', '8.95701', '2016-09-20 10:09:00', 0),
(13, 79, '44.4044644', '8.9580052', '2016-09-29 17:44:14', 1);

-- --------------------------------------------------------

--
-- Struttura della tabella `User`
--

CREATE TABLE IF NOT EXISTS `User` (
`id_user` int(11) NOT NULL,
  `name` varchar(100) NOT NULL,
  `email` varchar(100) NOT NULL,
  `image` int(1) NOT NULL,
  `id_key` int(11) NOT NULL,
  `created_at` timestamp NULL DEFAULT NULL,
  `Stato_Personale` longtext
) ENGINE=InnoDB AUTO_INCREMENT=84 DEFAULT CHARSET=latin1;

--
-- Dump dei dati per la tabella `User`
--

INSERT INTO `User` (`id_user`, `name`, `email`, `image`, `id_key`, `created_at`, `Stato_Personale`) VALUES
(76, 'giulio', '21giulio21@gmail.com', 1, 81, NULL, NULL),
(77, 'Davide', 'caputo99@libero.it', 1, 82, NULL, 'ciao io sono davide '),
(79, 'Martina', 'martina.brof@gmail.com', 1, 84, NULL, NULL),
(80, 'DavideCaputo', 'dado1513marti@gmail.com', 1, 85, NULL, NULL),
(81, 'Ciao', 'caputo99@libero.itt', 1, 86, '2016-10-05 21:36:08', 'caputo99@libero.it '),
(82, 'tac', 'armando.tacchella@gmail.com', 1, 87, NULL, NULL),
(83, '21giulio21', '22giulio22@gmail.com', 1, 88, NULL, NULL);

-- --------------------------------------------------------

--
-- Struttura della tabella `chat_rooms`
--

CREATE TABLE IF NOT EXISTS `chat_rooms` (
`chat_room_id` int(11) NOT NULL,
  `name` varchar(100) NOT NULL,
  `created_at` timestamp NOT NULL DEFAULT CURRENT_TIMESTAMP
) ENGINE=InnoDB AUTO_INCREMENT=3 DEFAULT CHARSET=latin1;

--
-- Dump dei dati per la tabella `chat_rooms`
--

INSERT INTO `chat_rooms` (`chat_room_id`, `name`, `created_at`) VALUES
(1, 'Prova', '2016-08-01 12:10:55'),
(2, 'Privata', '2016-08-01 15:08:26');

-- --------------------------------------------------------

--
-- Struttura della tabella `messages`
--

CREATE TABLE IF NOT EXISTS `messages` (
`message_id` int(11) NOT NULL,
  `chat_room_id` int(11) NOT NULL,
  `user_id` int(11) NOT NULL,
  `message` text NOT NULL,
  `created_at` timestamp NOT NULL DEFAULT CURRENT_TIMESTAMP
) ENGINE=InnoDB AUTO_INCREMENT=110 DEFAULT CHARSET=latin1;

--
-- Dump dei dati per la tabella `messages`
--

INSERT INTO `messages` (`message_id`, `chat_room_id`, `user_id`, `message`, `created_at`) VALUES
(2, 1, 1, 'ciao io sono davide', '2016-08-01 12:11:27'),
(3, 1, 1, 'ciao', '2016-08-01 14:34:07'),
(4, 1, 1, 'ciao amore', '2016-08-01 14:40:25'),
(5, 1, 2, 'Ciao', '2016-08-01 14:40:54'),
(6, 1, 2, 'Ciao', '2016-08-01 14:40:55'),
(7, 1, 2, '', '2016-08-01 14:40:56'),
(8, 1, 1, 'ciao vita mia', '2016-08-01 14:41:13'),
(9, 1, 2, 'Mi esasperato', '2016-08-01 14:41:48'),
(10, 1, 2, 'cacca', '2016-08-01 14:42:01'),
(11, 1, 2, '', '2016-08-01 14:42:02'),
(12, 1, 1, 'te quiero', '2016-08-01 14:42:22'),
(13, 1, 1, 'ti amo', '2016-08-01 14:42:32'),
(14, 1, 1, 'ciao', '2016-08-01 14:47:02'),
(15, 1, 1, 'che fai ?', '2016-08-01 14:48:51'),
(16, 1, 3, 'ciao', '2016-08-01 14:54:55'),
(17, 1, 1, 'ciao', '2016-08-01 14:55:19'),
(18, 1, 1, '', '2016-08-01 14:55:20'),
(19, 1, 3, 'ciao\nciao', '2016-08-01 14:56:08'),
(20, 1, 1, 'ciao amore mio', '2016-08-01 15:03:40'),
(21, 1, 1, 'che fai', '2016-08-01 15:03:50'),
(22, 1, 1, 'ciao\namore\nmio che fai', '2016-08-01 15:05:49'),
(23, 2, 1, 'ciao', '2016-08-01 15:08:37'),
(24, 1, 3, 'ciao', '2016-08-01 15:09:28'),
(25, 1, 3, 'che fai', '2016-08-01 15:09:37'),
(26, 1, 2, 'ciao', '2016-08-01 15:09:50'),
(27, 2, 2, '', '2016-08-01 15:10:24'),
(28, 2, 2, 'Ciao merdaccia', '2016-08-01 15:10:34'),
(29, 2, 1, 'sei tu una cacchina', '2016-08-01 15:10:58'),
(30, 1, 2, 'stronzo', '2016-08-01 15:11:05'),
(31, 2, 1, 'ciao', '2016-08-01 15:11:36'),
(32, 2, 2, 'sdgt', '2016-08-01 15:11:59'),
(33, 2, 2, '', '2016-08-01 15:11:59'),
(34, 2, 2, 'fggbg', '2016-08-01 15:17:44'),
(35, 2, 2, 'c', '2016-08-01 15:21:58'),
(36, 2, 2, '5tgg', '2016-08-01 15:28:58'),
(37, 2, 2, '', '2016-08-01 15:28:58'),
(38, 2, 2, 'dwg', '2016-08-01 15:32:16'),
(39, 2, 2, 'ciao', '2016-08-01 15:32:31'),
(40, 2, 2, 'ciao', '2016-08-01 15:32:44'),
(41, 2, 2, 'ciao', '2016-08-01 15:33:07'),
(42, 2, 1, 'ciao', '2016-08-01 15:36:48'),
(43, 2, 2, '5vtcf', '2016-08-01 15:42:20'),
(44, 2, 2, 'ciao', '2016-08-01 16:14:28'),
(45, 2, 2, 'ccc', '2016-08-01 16:14:41'),
(46, 2, 1, 'ccc', '2016-08-01 16:15:56'),
(47, 2, 2, 'cc', '2016-08-01 16:16:16'),
(48, 1, 2, 'Ciao', '2016-08-01 16:18:57'),
(49, 1, 4, 'ciao', '2016-08-01 19:01:18'),
(50, 1, 4, 'ciao', '2016-08-01 19:01:19'),
(51, 1, 4, 'ciao', '2016-08-01 19:01:19'),
(52, 1, 4, 'ciao', '2016-08-01 19:01:19'),
(53, 1, 4, '', '2016-08-01 19:01:20'),
(54, 2, 1, 'ciao', '2016-08-01 19:03:11'),
(55, 2, 4, 'ii', '2016-08-01 19:03:24'),
(56, 2, 4, 'yuy', '2016-08-01 19:03:41'),
(57, 2, 4, 'yuy', '2016-08-01 19:03:43'),
(58, 2, 4, 's', '2016-08-01 19:03:48'),
(59, 2, 4, 'ss', '2016-08-01 19:03:48'),
(60, 2, 4, 'sss', '2016-08-01 19:03:49'),
(61, 2, 4, 'ssss', '2016-08-01 19:03:49'),
(62, 2, 4, 'ssss', '2016-08-01 19:03:50'),
(63, 2, 4, 'sssss', '2016-08-01 19:03:51'),
(64, 2, 4, 'ssssss', '2016-08-01 19:03:51'),
(65, 2, 4, 'ssssss', '2016-08-01 19:03:52'),
(66, 2, 4, 'sssssss', '2016-08-01 19:03:52'),
(67, 2, 4, 'sssssss', '2016-08-01 19:03:52'),
(68, 2, 4, '', '2016-08-01 19:03:52'),
(69, 2, 4, 's', '2016-08-01 19:03:53'),
(70, 2, 4, '', '2016-08-01 19:03:53'),
(71, 2, 4, 'a', '2016-08-01 19:03:54'),
(72, 2, 4, '', '2016-08-01 19:03:54'),
(73, 2, 4, 'a', '2016-08-01 19:03:54'),
(74, 2, 4, 'a', '2016-08-01 19:03:54'),
(75, 2, 4, 'aa', '2016-08-01 19:03:55'),
(76, 2, 4, 'd', '2016-08-01 19:03:55'),
(77, 2, 4, 'd', '2016-08-01 19:03:55'),
(78, 2, 4, 'd', '2016-08-01 19:03:55'),
(79, 2, 4, '', '2016-08-01 19:03:56'),
(80, 2, 4, 'd', '2016-08-01 19:03:56'),
(81, 2, 4, '', '2016-08-01 19:03:56'),
(82, 2, 4, '', '2016-08-01 19:03:56'),
(83, 2, 4, 'd', '2016-08-01 19:03:57'),
(84, 2, 4, '', '2016-08-01 19:03:57'),
(85, 2, 4, 'd', '2016-08-01 19:03:58'),
(86, 2, 4, '', '2016-08-01 19:03:58'),
(87, 2, 4, '', '2016-08-01 19:03:59'),
(88, 2, 4, 'd', '2016-08-01 19:03:59'),
(89, 2, 4, 'd', '2016-08-01 19:03:59'),
(90, 2, 4, '', '2016-08-01 19:04:00'),
(91, 2, 4, 'd', '2016-08-01 19:04:00'),
(92, 2, 4, '', '2016-08-01 19:04:00'),
(93, 2, 4, '', '2016-08-01 19:04:01'),
(94, 2, 4, 'd', '2016-08-01 19:04:01'),
(95, 2, 4, 'd', '2016-08-01 19:04:01'),
(96, 2, 4, '', '2016-08-01 19:04:02'),
(97, 2, 4, 'd', '2016-08-01 19:04:02'),
(98, 2, 4, '', '2016-08-01 19:04:03'),
(99, 2, 4, '', '2016-08-01 19:04:03'),
(100, 2, 4, '', '2016-08-01 19:04:03'),
(101, 2, 4, 'd', '2016-08-01 19:04:04'),
(102, 2, 4, '', '2016-08-01 19:04:05'),
(103, 2, 4, '', '2016-08-01 19:04:05'),
(104, 2, 4, '', '2016-08-01 19:04:05'),
(105, 2, 4, '', '2016-08-01 19:04:06'),
(106, 2, 4, 'd', '2016-08-01 19:04:06'),
(107, 2, 4, '', '2016-08-01 19:04:07'),
(108, 2, 4, 'd', '2016-08-01 19:04:08'),
(109, 2, 4, '', '2016-08-01 19:04:17');

-- --------------------------------------------------------

--
-- Struttura della tabella `users`
--

CREATE TABLE IF NOT EXISTS `users` (
`user_id` int(11) NOT NULL,
  `name` varchar(255) NOT NULL,
  `email` varchar(255) NOT NULL,
  `gcm_registration_id` text NOT NULL,
  `created_at` timestamp NOT NULL DEFAULT CURRENT_TIMESTAMP
) ENGINE=InnoDB AUTO_INCREMENT=5 DEFAULT CHARSET=latin1;

--
-- Dump dei dati per la tabella `users`
--

INSERT INTO `users` (`user_id`, `name`, `email`, `gcm_registration_id`, `created_at`) VALUES
(1, 'Davide', 'caputo99@libero.it', 'c5g6a5WRTgk:APA91bFphfoDglZiXlj0rbZZmaDCmKF5H4foDF86hiCND6-W5WQO2kCFm7uS1F9QFtbVXxOlUwvWAPA6qfiAohMPHa5ucef_k3uwrhJl80_OQfP953zKBiZdc3owH8VNgsv9N-pORCVG', '2016-07-29 09:32:37'),
(2, 'Martina ', 'martina.brof@gmail.com ', 'eXBP9n3JdhQ:APA91bEGcM2hqXpv3ZYdnozUDRdxizXKW30_pXlyvyBRQD91RbT_ZAwQEcxYSOBjHHqZC6BXC9rlJ2sBONKZJ0VEAIUw4NZxqdUiUG2ngHYJ-6IQolxafGieeAv619Fhy0Bbe3Nkk0Xc', '2016-08-01 12:06:03'),
(3, 'DavideCaputo', 'dado1513marti@gmail.com', 'ftmg_svbs-Y:APA91bF-2Y3MqYppGjfyshgh7EnAcCx67U4GUuyBIaEuowprLOydxPoHv0L6uEDtfkoUJpqhZHlnVsGqYx5uYwzfuX89MpdS707XRO5DRpt7MIs7qAcKM73jyvv1hRVhBo-hjCnwVs1a', '2016-08-01 14:54:41'),
(4, 'giulio', '21giulio21@gmail.com ', 'csRCAqWQS8I:APA91bHQEC2DD6gTCyN0HeXTjH4CvsClQ_06woJujL1uRo5AQpQ7y0tJ1n1_GpB4auKnEKJYc8wfNac6aHca_0yAITaZn3dIv-sfoDuqwT4jVWjXqtcPQ9NMNN99oezrjwXrwPABSK_V', '2016-08-01 19:00:56');

--
-- Indexes for dumped tables
--

--
-- Indexes for table `Chiavi`
--
ALTER TABLE `Chiavi`
 ADD PRIMARY KEY (`id_key`);

--
-- Indexes for table `Conversation`
--
ALTER TABLE `Conversation`
 ADD PRIMARY KEY (`id_conversation`);

--
-- Indexes for table `Have`
--
ALTER TABLE `Have`
 ADD PRIMARY KEY (`id_user`,`id_conversation`);

--
-- Indexes for table `Image`
--
ALTER TABLE `Image`
 ADD PRIMARY KEY (`id_image`), ADD UNIQUE KEY `id_user` (`id_user`);

--
-- Indexes for table `Message`
--
ALTER TABLE `Message`
 ADD PRIMARY KEY (`id_message`);

--
-- Indexes for table `MessageForMe`
--
ALTER TABLE `MessageForMe`
 ADD PRIMARY KEY (`id_message`);

--
-- Indexes for table `Posizioni`
--
ALTER TABLE `Posizioni`
 ADD PRIMARY KEY (`id_posizione`), ADD UNIQUE KEY `id_utente` (`id_utente`);

--
-- Indexes for table `User`
--
ALTER TABLE `User`
 ADD PRIMARY KEY (`id_user`), ADD UNIQUE KEY `name` (`name`,`email`,`id_key`), ADD KEY `id_key_` (`id_key`);

--
-- Indexes for table `chat_rooms`
--
ALTER TABLE `chat_rooms`
 ADD PRIMARY KEY (`chat_room_id`);

--
-- Indexes for table `messages`
--
ALTER TABLE `messages`
 ADD PRIMARY KEY (`message_id`), ADD KEY `chat_room_id` (`chat_room_id`), ADD KEY `user_id` (`user_id`), ADD KEY `chat_room_id_2` (`chat_room_id`);

--
-- Indexes for table `users`
--
ALTER TABLE `users`
 ADD PRIMARY KEY (`user_id`), ADD UNIQUE KEY `email` (`email`);

--
-- AUTO_INCREMENT for dumped tables
--

--
-- AUTO_INCREMENT for table `Chiavi`
--
ALTER TABLE `Chiavi`
MODIFY `id_key` int(11) NOT NULL AUTO_INCREMENT,AUTO_INCREMENT=89;
--
-- AUTO_INCREMENT for table `Conversation`
--
ALTER TABLE `Conversation`
MODIFY `id_conversation` int(11) NOT NULL AUTO_INCREMENT,AUTO_INCREMENT=19;
--
-- AUTO_INCREMENT for table `Image`
--
ALTER TABLE `Image`
MODIFY `id_image` int(11) NOT NULL AUTO_INCREMENT,AUTO_INCREMENT=27;
--
-- AUTO_INCREMENT for table `Message`
--
ALTER TABLE `Message`
MODIFY `id_message` int(11) NOT NULL AUTO_INCREMENT,AUTO_INCREMENT=309;
--
-- AUTO_INCREMENT for table `MessageForMe`
--
ALTER TABLE `MessageForMe`
MODIFY `id_message` int(11) NOT NULL AUTO_INCREMENT,AUTO_INCREMENT=309;
--
-- AUTO_INCREMENT for table `Posizioni`
--
ALTER TABLE `Posizioni`
MODIFY `id_posizione` int(11) NOT NULL AUTO_INCREMENT,AUTO_INCREMENT=14;
--
-- AUTO_INCREMENT for table `User`
--
ALTER TABLE `User`
MODIFY `id_user` int(11) NOT NULL AUTO_INCREMENT,AUTO_INCREMENT=84;
--
-- AUTO_INCREMENT for table `chat_rooms`
--
ALTER TABLE `chat_rooms`
MODIFY `chat_room_id` int(11) NOT NULL AUTO_INCREMENT,AUTO_INCREMENT=3;
--
-- AUTO_INCREMENT for table `messages`
--
ALTER TABLE `messages`
MODIFY `message_id` int(11) NOT NULL AUTO_INCREMENT,AUTO_INCREMENT=110;
--
-- AUTO_INCREMENT for table `users`
--
ALTER TABLE `users`
MODIFY `user_id` int(11) NOT NULL AUTO_INCREMENT,AUTO_INCREMENT=5;
--
-- Limiti per le tabelle scaricate
--

--
-- Limiti per la tabella `Image`
--
ALTER TABLE `Image`
ADD CONSTRAINT `id_user` FOREIGN KEY (`id_user`) REFERENCES `User` (`id_user`);

--
-- Limiti per la tabella `User`
--
ALTER TABLE `User`
ADD CONSTRAINT `id_key_` FOREIGN KEY (`id_key`) REFERENCES `Chiavi` (`id_key`) ON DELETE CASCADE ON UPDATE CASCADE;

--
-- Limiti per la tabella `messages`
--
ALTER TABLE `messages`
ADD CONSTRAINT `messages_ibfk_2` FOREIGN KEY (`user_id`) REFERENCES `users` (`user_id`) ON DELETE CASCADE ON UPDATE CASCADE,
ADD CONSTRAINT `messages_ibfk_3` FOREIGN KEY (`chat_room_id`) REFERENCES `chat_rooms` (`chat_room_id`);

/*!40101 SET CHARACTER_SET_CLIENT=@OLD_CHARACTER_SET_CLIENT */;
/*!40101 SET CHARACTER_SET_RESULTS=@OLD_CHARACTER_SET_RESULTS */;
/*!40101 SET COLLATION_CONNECTION=@OLD_COLLATION_CONNECTION */;
